model,drop out,methods,reward,run,test,cifar100,svhn,tinyimagenet,lsun cropped,lsun resize,isun,textures,places365
confidnet,do0,Confidence,rew2.2,1,0.187549569575081,0.5229732624463308,0.4622871229959251,0.4268694644048909,0.4215520842963667,0.4210440081184369,0.4051805583181379,0.4100243386000433,0.5078669616725547
confidnet,do0,Confidence,rew2.2,2,0.1825657438423715,0.5400388971389943,0.539447089659499,0.4333672879971043,0.4118933200004664,0.413056857469326,0.4026355007229966,0.4243769923147101,0.5240086833884758
confidnet,do0,Confidence,rew2.2,3,0.1837588068733066,0.5679985072330949,0.5952206786946368,0.5025217456764224,0.490934234651938,0.5013265824241956,0.4827260205018142,0.4563416025873766,0.5589224206776003
confidnet,do0,Confidence,rew2.2,4,0.1870157974924208,0.5382353772468681,0.5749121694527081,0.4527551712238077,0.4265456768127281,0.4343005715360571,0.421929442573761,0.4229206030844986,0.5252980340600835
confidnet,do0,Confidence,rew2.2,5,0.1838905714335709,0.5742562435583416,0.58558197434336,0.5114657104387059,0.4829199516335707,0.5103617235461961,0.489543817856013,0.461528297854993,0.566955187246333
confidnet,do0,MSR,rew2.2,1,0.18797542285582,0.5187731893146164,0.4544386266801137,0.4139736308686245,0.4097559112837627,0.405669908922289,0.3897202303485864,0.4078137041772769,0.4991614552149687
confidnet,do0,MSR,rew2.2,2,0.1840737196231295,0.5376585900442246,0.5497161471982134,0.4547698740989532,0.4491699604323122,0.4415313134322628,0.4281588411899528,0.4291990695405172,0.5212296195893515
confidnet,do0,MSR,rew2.2,3,0.1843075893213387,0.5664862848153339,0.5960116281233131,0.4943858212199635,0.4844821992437079,0.4920090152400786,0.4732443072867756,0.4532201961610162,0.5539218552919167
confidnet,do0,MSR,rew2.2,4,0.1873762548480326,0.5347021554695736,0.5530239900169521,0.4547394350638019,0.4321461990283122,0.4323112862399445,0.4215094374313309,0.4182942961102013,0.5169378928939271
confidnet,do0,MSR,rew2.2,5,0.1845607705000961,0.56840070351115,0.5730281245595412,0.5067647512286997,0.4724042619397104,0.4983523884704025,0.4797252375707204,0.4553473066209906,0.5565399779981336
confidnet,do0,PCE,rew2.2,1,0.1888083132349917,0.5210832703338893,0.4695187409923986,0.4431625462663696,0.4360354281638452,0.4381940387596579,0.4275880713281817,0.414623134133979,0.5044298290672563
confidnet,do0,PCE,rew2.2,2,0.1858157585633227,0.5475603471066636,0.5646497667396102,0.4938552758587028,0.5154669593865671,0.4971751820588097,0.4787099685086541,0.4445298714322189,0.5363254788237187
confidnet,do0,PCE,rew2.2,3,0.1844408466303553,0.5657761413121883,0.5961189937583106,0.4918923665196645,0.4803806444630037,0.4883599765738984,0.470032796996176,0.452501155211101,0.5529156136007294
confidnet,do0,PCE,rew2.2,4,0.1875347216746392,0.5308088189648655,0.5484276132618116,0.4442088883277076,0.4197161770169057,0.4189753925350709,0.4089067041226935,0.4124803179268211,0.5109276440566103
confidnet,do0,PCE,rew2.2,5,0.1844391688077285,0.565393190473334,0.5664624035084501,0.4972558023958925,0.460837716545414,0.4880493105312345,0.4689246116037262,0.4512002688101636,0.5518808505257949
confidnet,do0,PE,rew2.2,1,0.1886780186625627,0.5155395197461048,0.455083599607925,0.3918063822157872,0.3852137737379528,0.3779540945862232,0.3627273232441417,0.4050277594670333,0.4893065021667737
confidnet,do0,PE,rew2.2,2,0.1859411383434794,0.540210487543464,0.5626635306638837,0.4809055934671076,0.506864092939038,0.4859447228508781,0.4663944013880593,0.4355959439626085,0.5266635988266943
confidnet,do0,PE,rew2.2,3,0.1854698627978701,0.5641475889042155,0.5969750568422264,0.4851972151185672,0.4739429981684696,0.4802429047447309,0.4622118651111016,0.4510896556473033,0.5491950889652267
confidnet,do0,PE,rew2.2,4,0.1889243262927194,0.525272439574837,0.5454510649202866,0.4284243629127934,0.4043676819237354,0.3993020762554155,0.3907788576169217,0.4050634797083374,0.5008475151129177
confidnet,do0,PE,rew2.2,5,0.1853472595426714,0.5634134249509721,0.568755282473421,0.4947058562381428,0.4651397354644445,0.4861603795725233,0.4674861808886106,0.4512889817991489,0.5489868998980798
confidnet,do0,GE,rew2.2,1,0.1904823142452271,0.5198767179620624,0.4585830720442854,0.3872314460399317,0.38141603664466,0.370182305444603,0.3563209056497259,0.4096097899166154,0.4891187146912563
confidnet,do0,GE,rew2.2,2,0.1871398061690007,0.541582081606982,0.5709281951281051,0.4764513901840951,0.5150281983011586,0.484537275255739,0.4634847023072945,0.4365562614192338,0.5242820756226758
confidnet,do0,GE,rew2.2,3,0.1865184661921483,0.5665135960876423,0.5985798938154826,0.4727341569049679,0.4603952537046542,0.4645656133840219,0.4462964938586462,0.4498865575757457,0.5474772733225448
confidnet,do0,GE,rew2.2,4,0.1904743330662019,0.5263345613564582,0.5514218165806848,0.4175139478487689,0.3945069938184273,0.3818455032425841,0.3747924065660656,0.4035420284019885,0.4970142905295139
confidnet,do0,GE,rew2.2,5,0.1867991511232792,0.5638063695876132,0.565919870177781,0.4764800243236478,0.4388647816751713,0.4647942022999476,0.4440242773631988,0.4491761486351677,0.5440979836559698
confidnet,do0,REN,rew2.2,1,0.1959664928362156,0.5557148630855856,0.5721004328018029,0.5466345965347142,0.5459823524635052,0.5511691614947546,0.5387448013612967,0.4595040251471616,0.5560081716347244
confidnet,do0,REN,rew2.2,2,0.1830833848688304,0.5186248788292098,0.506041540308309,0.4445444219478595,0.4094292917212879,0.4290426915424071,0.4240517150686319,0.3925001910488037,0.5064367426679499
confidnet,do0,REN,rew2.2,3,0.1862874006851213,0.562216328855829,0.584504319417225,0.5600516985439249,0.5325067053444317,0.5667952016317227,0.5528235756646238,0.4432578683984542,0.5621170431078679
confidnet,do0,REN,rew2.2,4,0.1901765981979328,0.53654241524763,0.5077308937783321,0.5381163418574838,0.4711142663822742,0.5530763062300363,0.5382048274611494,0.4110537891008399,0.5392234928107337
confidnet,do0,REN,rew2.2,5,0.1866768031341421,0.5663552727470703,0.5454975976281815,0.5570897281625552,0.516587477055871,0.5460923407135068,0.5400140638537421,0.4417192558726441,0.5703828140020233
confidnet,do0,CTMmeanOC,rew2.2,1,0.1898944651529974,0.5300139418174363,0.5228668442415944,0.4779081922471826,0.4635929642385949,0.4591235147557626,0.4495620745627522,0.4192575397556722,0.5093830352169063
confidnet,do0,CTMmeanOC,rew2.2,2,0.1867953823365016,0.5431168516930466,0.6031365039265155,0.4912911281972388,0.4728387646492817,0.4564104437644379,0.4571900777234033,0.4324829106919622,0.5232380448115803
confidnet,do0,CTMmeanOC,rew2.2,3,0.1880363992092237,0.5802079241060244,0.6493615560129883,0.5489693702743855,0.5388250540898538,0.552195285783693,0.5340907089259851,0.4747538507372313,0.5736077015711557
confidnet,do0,CTMmeanOC,rew2.2,4,0.1901709803014991,0.5480858240214883,0.6158474012696493,0.512036343560051,0.5021045973757097,0.4905633641179454,0.4803244916731911,0.4416269520241651,0.5309286448235929
confidnet,do0,CTMmeanOC,rew2.2,5,0.1874517026371103,0.5774816953353933,0.6461700418684773,0.5459984963954184,0.5363432889311496,0.5244794927677439,0.5144338072518871,0.4673065765460902,0.5680460994302335
confidnet,do0,CTMmean,rew2.2,1,0.1900002421204431,0.5304669311971537,0.5261053735673532,0.4784958888040644,0.4643197384039725,0.4592459442242617,0.4498812391411174,0.4198547132389661,0.5093587445701026
confidnet,do0,CTMmean,rew2.2,2,0.186947991182311,0.5435517725012057,0.6069539321409886,0.4917655967634597,0.474049251676699,0.4565571166170291,0.4574513264723039,0.433091973531069,0.5232626872158811
confidnet,do0,CTMmean,rew2.2,3,0.188183333622579,0.5806343840861133,0.6512459597952068,0.5494401903509292,0.5395006537904901,0.5526347489769353,0.5345263375247639,0.4751787718807765,0.5739239178183233
confidnet,do0,CTMmean,rew2.2,4,0.1902973314803583,0.5483648101026952,0.6179439586189704,0.5122263124616917,0.5029090867693927,0.49053236053524,0.4802949431269895,0.4420020408086273,0.5308704377440056
confidnet,do0,CTMmean,rew2.2,5,0.187554989871386,0.5776789295119632,0.6489584281833903,0.5458622994536092,0.5367999015128634,0.5239978533697527,0.5140381789580281,0.467561969502217,0.56782755991758
confidnet,do0,GEN,rew2.2,1,0.1915346510230466,0.5290107145970134,0.4886237087312311,0.4573996899976331,0.4534394752484421,0.4543274973841048,0.4398790384551926,0.4230367267929953,0.5165384497117077
confidnet,do0,GEN,rew2.2,2,0.1862415375642594,0.5380351713075688,0.5476264930593634,0.4517128507577675,0.4319998186029309,0.4383697707605599,0.4256080988434207,0.4240500422854667,0.523997971106447
confidnet,do0,GEN,rew2.2,3,0.1894017632463097,0.5775987373198169,0.6289842648556647,0.5419037205802382,0.5385368164464425,0.5448456392213105,0.527272146038603,0.4772900780544375,0.5722632549688084
confidnet,do0,GEN,rew2.2,4,0.1913311054545327,0.5506126335266047,0.5763171821448798,0.5050619603447939,0.4882452139671798,0.4954797858298077,0.482761872019627,0.4452118445125046,0.5430494408615568
confidnet,do0,GEN,rew2.2,5,0.1846970112756857,0.5642224808101999,0.5619961246496233,0.5173458510640345,0.4921190937261168,0.5119535494151105,0.4951400623672889,0.4536378339920559,0.5564886159626757
confidnet,do0,CTM,rew2.2,1,0.1905053680482988,0.5160005850223824,0.4812783721520564,0.4228835690144094,0.3617347722172696,0.3977214075463183,0.3847863119025194,0.3947881855173495,0.48165968655114
confidnet,do0,CTM,rew2.2,2,0.1880631261575893,0.5454199610882479,0.5977889434034951,0.4902143169170147,0.4842107553283816,0.4777533897018697,0.4651238366658263,0.4331906071286673,0.5252485873704186
confidnet,do0,CTM,rew2.2,3,0.1884165916259886,0.5635896176586898,0.6214049098341384,0.4998573725458766,0.4547850065021652,0.4865413990575744,0.4710555108976501,0.4437203845024248,0.5417179536799109
confidnet,do0,CTM,rew2.2,4,0.1925072037115947,0.5229382752470128,0.5329641831705391,0.4604863803817419,0.3741670901599908,0.4211270752154959,0.4168828912277217,0.4044734105720644,0.4897577180182993
confidnet,do0,CTM,rew2.2,5,0.1891057072388266,0.560982695654832,0.5754796959621106,0.5093645377871825,0.4254281351560038,0.4797282146009546,0.4686538637540544,0.4434144655150136,0.5360163378176249
confidnet,do0,fDBD,rew2.2,1,0.1918628017218121,0.5543654722193789,0.5702138642046913,0.5044694527939646,0.4999468011465164,0.4974259559763089,0.4833606495567907,0.4455668667413879,0.5380666530786934
confidnet,do0,fDBD,rew2.2,2,0.1881906634405614,0.5595354371817298,0.6406531975957439,0.5065020397717217,0.4941712322467074,0.4834756962720893,0.4756432671975769,0.4503910446670531,0.5382397250928518
confidnet,do0,fDBD,rew2.2,3,0.1897462491600958,0.5900950837794364,0.6720845573436631,0.5603916538127042,0.5591802758692531,0.5639242751111064,0.5452638742328613,0.4842679149878651,0.5800090488186593
confidnet,do0,fDBD,rew2.2,4,0.1920279076898008,0.5453783921568368,0.614429984040398,0.4901159063725148,0.481442626905922,0.4614464317957854,0.4513187415502217,0.4335429871727142,0.518447323446098
confidnet,do0,fDBD,rew2.2,5,0.1884743208828042,0.5760717789844377,0.6449768732981545,0.5257783766997641,0.5144632761910266,0.5052081334983188,0.4913952620974626,0.4617133081230585,0.5589153161759994
confidnet,do0,MLS,rew2.2,1,0.1971528469114885,0.5271468409226167,0.4759651455111224,0.3705022474945367,0.3683305451060104,0.3461200003381108,0.3331142240853157,0.4221500534557769,0.4853692863531674
confidnet,do0,MLS,rew2.2,2,0.1898606083882106,0.5302285645395742,0.5887310702708484,0.3835042254663449,0.3626592803856905,0.3512591090849009,0.3417754758727492,0.4247699585208641,0.4932387787846624
confidnet,do0,MLS,rew2.2,3,0.1924240920466566,0.5772110786319651,0.6341120391008881,0.4798052567671775,0.4704518977787853,0.4656946628172924,0.4475464294055226,0.4682131294885912,0.5553423180735981
confidnet,do0,MLS,rew2.2,4,0.1979754763307438,0.5250442805339103,0.5641879953793697,0.398205502193235,0.3797884517753387,0.3574014910308392,0.3525584951647018,0.4032309690683133,0.4857841864933714
confidnet,do0,MLS,rew2.2,5,0.1907629007937226,0.5653462655528191,0.5821128160663342,0.4767965389420145,0.4478259064904754,0.466702532934092,0.445752176997816,0.4577903714922516,0.5420189430799095
confidnet,do0,NeCo,rew2.2,1,0.1971517821995828,0.5270690162738092,0.4760849275922256,0.3704741121231483,0.3684275472170188,0.3461276451183799,0.3331373295198845,0.4221733034680305,0.4852674304161695
confidnet,do0,NeCo,rew2.2,2,0.1899563720095739,0.5296185656608585,0.5877411895560152,0.3830201617794134,0.3622878292438894,0.3507546016134015,0.3412900772172188,0.4243296457783418,0.4925764731544704
confidnet,do0,NeCo,rew2.2,3,0.1924841999054202,0.577586357129278,0.6350194128606171,0.4806395533963229,0.4714138330511678,0.4664493199319316,0.448312406446555,0.4686702364817905,0.5557723803118122
confidnet,do0,NeCo,rew2.2,4,0.197914291354918,0.5250438454557333,0.5641879332025743,0.3982246236322247,0.3797857702654976,0.3573686333960201,0.3525594814960047,0.4032081524221604,0.4857479919406109
confidnet,do0,NeCo,rew2.2,5,0.1907616584129136,0.5652065895706464,0.5820522232065268,0.476733229739478,0.4479249744668262,0.4665980656157467,0.4456747634462979,0.4576706938165121,0.5418379430681062
confidnet,do0,KPCA RecError global,rew2.2,1,0.1974020096197265,0.5781821106853278,0.6767226951944717,0.5697276469351533,0.5726406375375964,0.5509087636990009,0.5437854389764137,0.4837596193228154,0.563378182851569
confidnet,do0,KPCA RecError global,rew2.2,2,0.1944956675396829,0.5488327790018462,0.6510625292631481,0.5166005458113119,0.5223589556169752,0.4816946437935234,0.4812301191385109,0.4520105000000672,0.5213973208587919
confidnet,do0,KPCA RecError global,rew2.2,3,0.1940613053628528,0.6052483257091926,0.7284507134510404,0.5853934924864567,0.5990976629115977,0.5715693476937592,0.5592392931450371,0.5044662673713978,0.5962944326666585
confidnet,do0,KPCA RecError global,rew2.2,4,0.1996971264059965,0.54707913828244,0.6665411904837921,0.5140553099548084,0.520750441488965,0.4758110642057097,0.4713672089133806,0.4456032026667087,0.5146822390049096
confidnet,do0,KPCA RecError global,rew2.2,5,0.1945705200101899,0.5995199415382264,0.7463954190283328,0.5827174045851542,0.6151444856887621,0.5607096700497749,0.5520585053492281,0.4997415963785604,0.5942330572853706
confidnet,do1,NNGuide,rew2.2,1,0.1998076368900107,0.5188021765649495,0.4418815639448642,0.3630751757065398,0.3874587270006521,0.3373752110039353,0.3334235397225732,0.3865014126045038,0.4817805221336552
confidnet,do1,NNGuide,rew2.2,2,0.1968706460020075,0.5126392631078645,0.4114091131560616,0.3722700457524844,0.3657714488485367,0.3510464907935474,0.3359412049398875,0.39809868337971,0.4770255089933679
confidnet,do1,NNGuide,rew2.2,3,0.2004995220453712,0.5478793058782834,0.540518420261369,0.4058443600597412,0.4481729934052786,0.3823355193456006,0.3738508734397247,0.433199319605656,0.5176261879063642
confidnet,do1,NNGuide,rew2.2,4,0.2036787585649937,0.5261807855811739,0.5923187232682537,0.3768286003469555,0.4162701543566822,0.3522976878154364,0.3462415578901995,0.4195524316687398,0.489142064963739
confidnet,do1,NNGuide,rew2.2,5,0.2019503676116699,0.5131370884569697,0.4173854136135715,0.3550541296834128,0.3960509357929654,0.3299291253912628,0.3187087161450314,0.3909285475423293,0.4702776726369045
confidnet,do0,pNML,rew2.2,1,0.2043908563335723,0.6039341617779818,0.7645010065616136,0.6271217275786272,0.6605651695852653,0.6178848577371859,0.6097658136184497,0.5236242985378181,0.5958486135385213
confidnet,do0,pNML,rew2.2,2,0.2008255343722867,0.5883784978223945,0.7252440794200896,0.6188950162967016,0.6762293321059475,0.6035880511951036,0.5995029555527593,0.5207013255863895,0.5782993621474362
confidnet,do0,pNML,rew2.2,3,0.1973791872430769,0.6065306902418541,0.7596245205494535,0.6060822158907018,0.6592804039962711,0.591660467757984,0.581108330830563,0.5175635753819259,0.5994544034847514
confidnet,do0,pNML,rew2.2,4,0.2050295399137613,0.6006833664943725,0.7221417544707323,0.6044710653535565,0.649251470132848,0.5923396839047583,0.5802230406591372,0.5204358100165956,0.5925369802298391
confidnet,do0,pNML,rew2.2,5,0.1992696599273793,0.6075089228796876,0.7907389421945225,0.6041598979974359,0.6667310800819063,0.5944309911254575,0.5825327688778661,0.5289602985799245,0.606698219640521
confidnet,do1,GradNorm,rew2.2,1,0.2016359504652583,0.5413400404229337,0.4590896335581798,0.3763758119232185,0.4325555645206211,0.3452708963962507,0.3482342563789146,0.4197387114499558,0.510100309769407
confidnet,do1,GradNorm,rew2.2,2,0.1983811618931732,0.5281219756621099,0.4317607172611142,0.3554501999164279,0.389468838431899,0.329968225411137,0.318227786166427,0.4262133917195891,0.4985749743072599
confidnet,do1,GradNorm,rew2.2,3,0.2021192205328398,0.5673133305138252,0.6085706847817981,0.3993075783165869,0.4988871311860989,0.3652922118081015,0.3630556932987064,0.4539830647882917,0.5415512422516225
confidnet,do1,GradNorm,rew2.2,4,0.2053315094243757,0.5456586177089109,0.6626719793642543,0.3784850782596118,0.466009764759609,0.3440168138610106,0.3504847850718823,0.45100733703779,0.5163197119102209
confidnet,do1,GradNorm,rew2.2,5,0.2045029560277105,0.5282437424870787,0.4338045333462669,0.3614342082635458,0.4245542192883597,0.3261068515535947,0.3248698529515549,0.4162737021077136,0.4929188073754583
confidnet,do1,Energy,rew2.2,1,0.2037253746154393,0.52969963994159,0.483176398951677,0.3859146916952842,0.4018208180936395,0.3524649388912564,0.3485466317483719,0.4077704498277642,0.4829300671087162
confidnet,do1,Energy,rew2.2,2,0.1990561283149301,0.5163256413011511,0.4690759919078428,0.374195772807886,0.370674535185497,0.3449266289298784,0.3311855009273212,0.409933920957072,0.4743497653304138
confidnet,do1,Energy,rew2.2,3,0.2034548659113225,0.5576629360660158,0.5889969305431022,0.4249246422954992,0.4714317432234175,0.3953243339490158,0.3884600916166248,0.4491573265572978,0.5220411865030306
confidnet,do1,Energy,rew2.2,4,0.2068948153301625,0.5319011004106924,0.6301347916536446,0.3861751326432741,0.4328442701541451,0.3534116272891978,0.3517112898164169,0.4382422981581659,0.4891317365730505
confidnet,do1,Energy,rew2.2,5,0.2050602188464257,0.5160216804580503,0.4502463611689019,0.3694324938994107,0.3988278716125435,0.3369330279693456,0.328771976624316,0.4060844606189752,0.4684513062709168
confidnet,do1,PCA RecError global,rew2.2,1,0.2061857158290597,0.6069054160984304,0.6706366399713113,0.596718815865332,0.5916659927440848,0.591244085456261,0.5808414710887269,0.520926130911083,0.6118080368268244
confidnet,do1,PCA RecError global,rew2.2,2,0.2006511626345634,0.5923498417452135,0.6415680208048907,0.5577018713257577,0.5980888613671074,0.5611785669848952,0.5463460555337798,0.4954214897064007,0.5976125331312002
confidnet,do1,PCA RecError global,rew2.2,3,0.2047117144390417,0.5990101541272046,0.6886530406582604,0.5572663761478557,0.6067176406347052,0.5514170087390123,0.5422676840571965,0.5059331180989234,0.6032821954893035
confidnet,do1,PCA RecError global,rew2.2,4,0.2067105377993819,0.5887357516829954,0.690583861120036,0.5377200813926576,0.5737356865266943,0.5304092285309573,0.5213819629346356,0.4895909463888928,0.5987084794826294
confidnet,do1,PCA RecError global,rew2.2,5,0.2034814031076388,0.5902468237117999,0.6164017519611076,0.5524799326326776,0.573315262258725,0.5432108136478806,0.5341609276912895,0.4895655586183097,0.5943627435309823
confidnet,do1,ViM,rew2.2,1,0.210223770380885,0.5787388361383563,0.7246314817125364,0.5645523205248174,0.5383958457801716,0.5547014989353851,0.535038679510775,0.4810625484126797,0.5515874756141279
confidnet,do1,ViM,rew2.2,2,0.2044622066466182,0.5679373214204656,0.6766605776849829,0.5703100589205354,0.5390409532625806,0.5533768040991293,0.5361979216061565,0.4608654582039081,0.5382647276886542
confidnet,do1,ViM,rew2.2,3,0.2096720760397033,0.5743895458684354,0.7012398160849156,0.5977076337561903,0.5531997586614715,0.5856348657239089,0.5680968269702308,0.4879190910211103,0.5491715865065798
confidnet,do1,ViM,rew2.2,4,0.2115652948761897,0.5706995037963931,0.7233775359454644,0.5514764077074057,0.5268894437484636,0.5352251774861128,0.5200564585590527,0.4799688951999917,0.5478423277055341
confidnet,do1,ViM,rew2.2,5,0.2075758700871323,0.5623105237502017,0.615949239872543,0.5228608608397304,0.5273199086908852,0.5156897356197527,0.4934633637362886,0.4529342787017308,0.5308889422127279
confidnet,do1,Residual,rew2.2,1,0.2139794051135271,0.5983601660700237,0.7598678767918751,0.596800368795152,0.5689474262012248,0.5895091236164125,0.5684405392548061,0.5025610751287539,0.5748851529077361
confidnet,do1,Residual,rew2.2,2,0.2078729258434948,0.5861513131353981,0.7116241886364466,0.6025280479566286,0.5703687108062833,0.5873904495109217,0.5698276510365057,0.4801508595663831,0.5599192137694992
confidnet,do1,Residual,rew2.2,3,0.2126017826921369,0.5908937209406587,0.7277179278990702,0.6274698529178557,0.578514508852328,0.6181049675043817,0.599411440132326,0.5053821406288397,0.5693697689786492
confidnet,do1,Residual,rew2.2,4,0.2154172911512519,0.5880347872026731,0.7459754922768687,0.5824551103953552,0.5524850546208621,0.5677960547107975,0.551338613731807,0.4975664265682592,0.5682707206278792
confidnet,do1,Residual,rew2.2,5,0.2112509338440729,0.5832583401946819,0.6555155956847225,0.5583991754456964,0.5595337310069507,0.5533051452622106,0.5297237978939102,0.4749529325547841,0.5548996410397001
confidnet,do1,Maha,rew2.2,1,0.2142162467760664,0.5914394925472282,0.7651039105418279,0.603239907258556,0.5702172626891122,0.5953158629692579,0.5746809801774487,0.4991060474825864,0.567673373074381
confidnet,do1,Maha,rew2.2,2,0.2098917193024268,0.5814632557206593,0.692717212891037,0.607266432223524,0.5744130292671193,0.5932947980181997,0.5761861153578685,0.4731125828641759,0.5568609642024595
confidnet,do1,Maha,rew2.2,3,0.2153708883343744,0.605004377128523,0.7203817770361792,0.6319338784281403,0.5905462002841743,0.6256902045766185,0.6072273649528034,0.5133121865614034,0.5911640442833344
confidnet,do1,Maha,rew2.2,4,0.2164825764152142,0.587494131237574,0.7486300204771332,0.5849285269424462,0.5556045993193269,0.5723730043276907,0.553352783409874,0.4930701382987523,0.5708448880470822
confidnet,do1,Maha,rew2.2,5,0.2115110850244129,0.5774671143288832,0.6418103473040444,0.5596183185854308,0.5669508816832967,0.5565030506056117,0.5310774443547597,0.4692596795345855,0.5499766508339671
devries,do0,PCE,rew2.2,1,0.1894239460432364,0.541471059504412,0.5098084941153893,0.4829990627257131,0.4109541056636696,0.4445131335307599,0.4414857692944883,0.4165513966002135,0.5165881238139157
devries,do0,PCE,rew2.2,2,0.1884603891132012,0.5238819462429518,0.4421743393842562,0.4203375828794031,0.3874016058173181,0.4097579697667341,0.3943161217543269,0.4071376363859724,0.5068894047110163
devries,do0,PCE,rew2.2,3,0.1917516857738055,0.5495321592521379,0.5127662120475802,0.476325862964951,0.4287162604494306,0.4495937243666542,0.4393924542150428,0.4293847519519427,0.5335583174731102
devries,do0,PCE,rew2.2,4,0.19394230103523,0.5118992251576087,0.4615728982152354,0.387113098631067,0.371394269275963,0.3700192828851341,0.3560626034837532,0.3883467068000513,0.4882062862486496
devries,do0,PCE,rew2.2,5,0.1887612190071014,0.5343773891928605,0.5424473863485365,0.4133458779054543,0.3869550741774362,0.3974701654517313,0.3829140659494654,0.4153354874896092,0.5188496311560088
devries,do0,CTMmeanOC,rew2.2,1,0.1906359401593658,0.5469176751872734,0.5241358600699636,0.4869331520520582,0.4419915350753936,0.4557864898181529,0.4516810844233604,0.4212115138086054,0.5285232430978204
devries,do0,CTMmeanOC,rew2.2,2,0.1893594141503495,0.534622152263978,0.495113806575537,0.4399670501478346,0.4354885950309455,0.4205212131055316,0.4103332142354412,0.4343494669184511,0.5198854388120833
devries,do0,CTMmeanOC,rew2.2,3,0.1920594788139728,0.5558499677939812,0.5483264347194743,0.4931740721831062,0.4653062238973251,0.4771742167916278,0.4661875443233574,0.441270904790589,0.54415216818042
devries,do0,CTMmeanOC,rew2.2,4,0.1921235689532446,0.5235991654036743,0.5198689430454392,0.3978382167993425,0.3957008059899206,0.3831925023269216,0.368294757804589,0.4024524052540323,0.5013640881245292
devries,do0,CTMmeanOC,rew2.2,5,0.1882776082945235,0.5439798056722084,0.5577989260673407,0.4367958433153369,0.4382391442659704,0.4151011813422988,0.4062786310552469,0.4221838084083844,0.5312746828813714
devries,do0,CTMmean,rew2.2,1,0.1907541100023432,0.5472475441413844,0.5291248527598216,0.4865588718186259,0.4426386570310677,0.4548148001165488,0.4509191852084326,0.4215577150414537,0.528203715661721
devries,do0,CTMmean,rew2.2,2,0.189494668442588,0.5352245157268675,0.4992941497828026,0.4398387455856437,0.4361220158327445,0.4198166119960239,0.4097470905308436,0.4350475115289113,0.5197792459508702
devries,do0,CTMmean,rew2.2,3,0.1921433702560529,0.555897063852685,0.5503449915092501,0.4922995041518788,0.4649460571593106,0.4758627570595863,0.4652087994008064,0.4410077321926273,0.543678307353347
devries,do0,CTMmean,rew2.2,4,0.1921996532557318,0.5239597929716854,0.5242365095529002,0.3982226645388532,0.3961273069442276,0.3829851400757013,0.3681291516954288,0.402691958676121,0.5009904078552377
devries,do0,CTMmean,rew2.2,5,0.1885158548127651,0.5444674507206806,0.5624553479756305,0.4358983423326654,0.4379276074523702,0.4134508214562558,0.4047759975384694,0.4224731343624501,0.530922680577189
devries,do0,GEN,rew2.2,1,0.1900262751532725,0.5576044218836747,0.5559177408290535,0.52650694456378,0.4825368201613563,0.5070504526075558,0.4989007059531137,0.4445752270621971,0.54547102157551
devries,do0,GEN,rew2.2,2,0.1910032591860128,0.5413207924353899,0.426331222487485,0.4368105062782805,0.4033544097280362,0.4265074136902643,0.4112899900963308,0.4179595958929747,0.526227310484097
devries,do0,GEN,rew2.2,3,0.192840088580801,0.566575914137603,0.5541184108966613,0.516293040007241,0.4843965219753221,0.5009319049922086,0.4882239717076277,0.4538616361118703,0.5575499323252725
devries,do0,GEN,rew2.2,4,0.1926016831954402,0.5065827946890825,0.4611035341098067,0.3996412632245266,0.3934093223417604,0.3923459328340654,0.3786902563648447,0.3873003679181231,0.4888868965828094
devries,do0,GEN,rew2.2,5,0.1894756584686152,0.5518594751337601,0.5820446408984106,0.4943090291065706,0.4806137255273572,0.4898680947993795,0.4750473205799406,0.4450861488452031,0.5454931406174686
devries,do0,PE,rew2.2,1,0.190100653982364,0.5394621737251153,0.5162130004532046,0.4746253218252262,0.4050073134048799,0.4326358210000427,0.4304396249389756,0.4166124180545946,0.5104604666672033
devries,do0,PE,rew2.2,2,0.1895673911574803,0.5203173735468682,0.4408653433317673,0.4022259952414573,0.3684869893910655,0.3898770504050284,0.3738814775832232,0.4019024795534951,0.498428078809834
devries,do0,PE,rew2.2,3,0.1942177413662179,0.5502616009334075,0.5214540040916432,0.4830064389888076,0.4632323324341283,0.4707541435124318,0.4586047752786165,0.4337903109444927,0.5361617966536938
devries,do0,PE,rew2.2,4,0.1952750942220578,0.5049530889321674,0.4565358762588901,0.3679965334353893,0.3530238277311288,0.3450157573208249,0.3327492034823022,0.3797816142653916,0.4755632659105275
devries,do0,PE,rew2.2,5,0.1903835766939164,0.5296381923382109,0.5423920132257466,0.3918153516479142,0.3654385771960997,0.3719018338153591,0.3588191891184755,0.4098687124920067,0.5097272815394629
devries,do0,fDBD,rew2.2,1,0.1921454060363981,0.551272456296514,0.557075820967775,0.4801803183234776,0.4286809442903333,0.4383732611400098,0.4365245164146386,0.4243316109821292,0.5208099624346657
devries,do0,fDBD,rew2.2,2,0.1909120307967238,0.5403700296805832,0.5098521956396033,0.4216870905681706,0.4211101247533873,0.4013796656123083,0.3889311559899757,0.43304565380983,0.5145446612625421
devries,do0,fDBD,rew2.2,3,0.1939624512510455,0.5627298250257143,0.573142136768725,0.4966485233910619,0.4793777840393095,0.4817643537255053,0.4707053534261547,0.4480809994025648,0.5450169356809765
devries,do0,fDBD,rew2.2,4,0.1943540959101348,0.5272371283077142,0.5431536243458257,0.3897383298393208,0.3918825814528917,0.365240968841766,0.3516104880349124,0.4024759209064023,0.4935227869408572
devries,do0,fDBD,rew2.2,5,0.1910417642692796,0.5489982414241621,0.5938485021732921,0.4106447544226341,0.411415471348197,0.3831997564209783,0.3733614499872555,0.4263107241433019,0.5245204202626779
devries,do0,Confidence,rew2.2,1,0.1922828672895515,0.5589344552175447,0.4312702243126887,0.4583321196018007,0.4151966627500542,0.4511976678187152,0.4357367730301436,0.4327164291531766,0.5488959731562516
devries,do0,Confidence,rew2.2,2,0.1924309065779393,0.5439390769010114,0.4771612995245853,0.4051764722659765,0.4125639416754435,0.4054085146025069,0.3918128295900788,0.4619849014784856,0.535500109667711
devries,do0,Confidence,rew2.2,3,0.1940092921626123,0.5673993661271869,0.4975077141345912,0.4478654332593164,0.4353308996681063,0.4353712930431266,0.4205640769168388,0.4479420089432614,0.556078447302124
devries,do0,Confidence,rew2.2,4,0.1951911309724432,0.5342249371746909,0.5238505707692362,0.3652545382074753,0.3883459941343884,0.3586303101058707,0.3478876004787235,0.4312093476458116,0.520947795079454
devries,do0,Confidence,rew2.2,5,0.1905635403474992,0.5525833854016127,0.505733985015657,0.4078487580593407,0.4255300761524658,0.3969897821110481,0.3866745452887349,0.4424511827102649,0.5396605599687901
devries,do0,GE,rew2.2,1,0.1917139199120545,0.5425920940322687,0.5218433152313539,0.4704639434389523,0.3970694761978459,0.4224902779631896,0.4215885055704441,0.419001312401254,0.5085348886691528
devries,do0,GE,rew2.2,2,0.1910639000775502,0.5241542426978818,0.4456671609729808,0.3929178426607977,0.3620917202138767,0.3787196062256871,0.3626585781858167,0.4047081884334172,0.4973935408234857
devries,do0,GE,rew2.2,3,0.1957204135436351,0.552299578665618,0.5230692224375042,0.4801834670491924,0.4622789831631007,0.4660816367499528,0.4541571068866582,0.4354663689546093,0.534576305562625
devries,do0,GE,rew2.2,4,0.1965008642598473,0.5085998151980663,0.4718205161214186,0.3684656795637874,0.3533638669796379,0.3404765375192018,0.3290625340854132,0.3842411195784298,0.4745776399003079
devries,do0,GE,rew2.2,5,0.1919002407596919,0.535778204636279,0.5589696710952642,0.3879894436956432,0.36416694969902,0.3648882869130605,0.3525224783448796,0.4170496325088251,0.5127524220607368
devries,do0,MSR,rew2.2,1,0.1905836422297991,0.5408141556625509,0.5166270930293931,0.4871180136138538,0.4213691530199056,0.4520774347754587,0.4481213211836059,0.4181058088329046,0.5180777054023478
devries,do0,MSR,rew2.2,2,0.1901962664488828,0.524168943630518,0.4264904499819683,0.4170295268414555,0.3865741571970318,0.4054861611776615,0.3895725832385991,0.4073846108875872,0.5072881249319813
devries,do0,MSR,rew2.2,3,0.1925910836734317,0.5477483184853219,0.5053958861968888,0.4720537380640159,0.4158182418386281,0.4417936374886612,0.4315758642503672,0.4262163128264681,0.5312948597439406
devries,do0,MSR,rew2.2,4,0.2029717152473539,0.5197477914783453,0.4822174107940984,0.4078670578443814,0.3872155217830133,0.3927901259982634,0.3793014468106094,0.4014056154821852,0.5003405912340027
devries,do0,MSR,rew2.2,5,0.1911640755766908,0.5330265010407329,0.5380094942608369,0.4180294374761303,0.3942296273361918,0.4037700736400704,0.3886234519272746,0.4150267933614344,0.5193628462322445
devries,do0,CTM,rew2.2,1,0.1946420690676415,0.5527958531169671,0.5704930153144395,0.496104375545114,0.3957188762375383,0.4415630827838189,0.4451761110754721,0.4175288495847179,0.5161495917396147
devries,do0,CTM,rew2.2,2,0.1924456625746685,0.5414897847558583,0.4772881856890772,0.4440960427042006,0.3864698853959935,0.4165191723930525,0.407014617734607,0.417358191384373,0.5157867164536468
devries,do0,CTM,rew2.2,3,0.1956255046866249,0.5498296449091674,0.5545002069731777,0.4844784571896466,0.3930844108921619,0.4360631750242303,0.4336411172597762,0.4267070440844633,0.5196381116792202
devries,do0,CTM,rew2.2,4,0.1965691709682712,0.5239090593838687,0.5001490930145183,0.4081117530186252,0.3540775059926034,0.3854834012874314,0.3690269205034827,0.3866590776786284,0.4880841957982178
devries,do0,CTM,rew2.2,5,0.1948410863098583,0.5491883820428579,0.5844121720015464,0.4434525344447721,0.3628334659403214,0.4067184399001318,0.3983378378281268,0.4166136558659498,0.5187347504735554
devries,do0,NNGuide,rew2.2,1,0.1937394105145282,0.5392517575960343,0.52657095574947,0.4618470640149968,0.3850674358330916,0.4112617913543794,0.4113594484047412,0.4200244475455412,0.499333645381965
devries,do0,NNGuide,rew2.2,2,0.193513515647592,0.5182433510665534,0.453204326685641,0.3693684717845248,0.343584964716747,0.3501537196769524,0.3361373808297827,0.404210324302726,0.4841405952074974
devries,do0,NNGuide,rew2.2,3,0.1962462464823796,0.5411664908810638,0.5310261458312071,0.4331268781438547,0.3874325088769551,0.3867035253471014,0.3820644909432438,0.4214986867484593,0.5102898796744705
devries,do0,NNGuide,rew2.2,4,0.1980743397221228,0.504398710042694,0.495250212818744,0.3555316313911387,0.3493793020351889,0.324658348651494,0.3144994466288818,0.3842710597577971,0.4649491344308541
devries,do0,NNGuide,rew2.2,5,0.1929510235428509,0.5337867145089467,0.5662730426692932,0.3866209063497085,0.3700560146413417,0.3610638378711446,0.3518825578447602,0.415514748345217,0.5066502185549544
devries,do0,REN,rew2.2,1,0.1954830439134144,0.5744663422371598,0.5961324148672175,0.5667890230509139,0.5414610894615027,0.5614685163516339,0.5496945140744365,0.471431837624619,0.5739051761115345
devries,do0,REN,rew2.2,2,0.1924872620791347,0.5284332050371097,0.3911889580203114,0.49739527689802,0.484099744421613,0.5036859092476895,0.4933679250785111,0.4002839807042233,0.5294525991557297
devries,do0,REN,rew2.2,3,0.2010903520156353,0.5900280671632699,0.5950691865532937,0.5691835592413076,0.5675928953769985,0.5726559962867778,0.5562160729538257,0.4860257118430255,0.5906625209613818
devries,do0,REN,rew2.2,4,0.197496076855436,0.5136326241694761,0.4066523433490641,0.4136482829588712,0.3803594027295203,0.4334310155394761,0.4151910825752057,0.370846440451439,0.5073593272487565
devries,do0,REN,rew2.2,5,0.188049110376661,0.5277626608335642,0.483866930668096,0.4922880279897548,0.4182555750287357,0.4896709201371109,0.4804413768344949,0.3919528282784151,0.5227450103787316
devries,do0,KPCA RecError global,rew2.2,1,0.1963980065725999,0.5537622158297753,0.6782969224998776,0.4917502182126199,0.4855791703445683,0.4486843363350635,0.4489214573344859,0.4451750579601357,0.5243669202262989
devries,do0,KPCA RecError global,rew2.2,2,0.1961647183004467,0.5455171249953125,0.6438387032307498,0.4510952338915963,0.497575752072659,0.4091616955537688,0.4049773599314473,0.4628985006657238,0.5143603152215598
devries,do0,KPCA RecError global,rew2.2,3,0.1936664158719428,0.5566351310189562,0.5831209694850427,0.4496538066627675,0.468299112175739,0.4158188530354748,0.410996516628378,0.4375437637469915,0.5385292699882629
devries,do0,KPCA RecError global,rew2.2,4,0.2027664109888163,0.5132620176838119,0.5839256567168924,0.4475145548919799,0.3969032391863323,0.3850956688928305,0.3778075752968254,0.3968847561441934,0.4617198870960912
devries,do0,KPCA RecError global,rew2.2,5,0.1927013782851738,0.5479074092429675,0.6615752531831026,0.4531567187635745,0.4768641971041454,0.4150935709180975,0.4117944679470869,0.4319859176131508,0.5210568849902294
devries,do0,NeCo,rew2.2,1,0.1956157860181117,0.5493761952597556,0.5619692409243076,0.4695430834013825,0.3942973228375068,0.4174030500730583,0.4170682798090659,0.4301489100224432,0.5080885048391786
devries,do0,NeCo,rew2.2,2,0.19548976389559,0.5262468648400488,0.4455206582561037,0.3715167566195732,0.3396707132339712,0.3538192935374585,0.3379371229192521,0.4058980920784781,0.4903273344585974
devries,do0,NeCo,rew2.2,3,0.1982280048617016,0.5467932588978702,0.5355611387118191,0.4427863044116288,0.3791790584534837,0.3914879364783584,0.3868524916320554,0.4297533504334441,0.512730672618382
devries,do0,NeCo,rew2.2,4,0.2002851968394956,0.510009079843392,0.493293959739142,0.3626451643464494,0.3471394046089014,0.3307070279604492,0.3195670295830431,0.3885014110205176,0.4688025284592139
devries,do0,NeCo,rew2.2,5,0.1951139354680258,0.5398896826537792,0.5819985491952113,0.3847543080463011,0.3644772990459174,0.3616595115101221,0.3499058930124077,0.423629319067026,0.51163688602765
devries,do0,MLS,rew2.2,1,0.1956193117668789,0.5494389927046526,0.561767207981512,0.4694714547667972,0.3942341003859108,0.4173908235242834,0.4170264363537656,0.4301928916260316,0.5081757489910723
devries,do0,MLS,rew2.2,2,0.1954929901458049,0.526290255389132,0.445572432707703,0.3714840333254252,0.3396782523919616,0.3538096335090147,0.3379175193746461,0.4059402166786395,0.4903767574353702
devries,do0,MLS,rew2.2,3,0.1982268964971146,0.5468404689184163,0.5355088211681043,0.4427287546116079,0.3791816242883443,0.3914603214142651,0.3868048450360417,0.429777318106042,0.5127923893947075
devries,do0,MLS,rew2.2,4,0.2002843563041548,0.5100576229836481,0.4932767723279142,0.3625694930372232,0.3471712104073578,0.3306633968073375,0.3195203860387025,0.3885373280883048,0.4688793550715359
devries,do0,MLS,rew2.2,5,0.1951138325843438,0.5399727439448666,0.5819543787977313,0.3846143126562892,0.3644655359198726,0.3615579794521644,0.3497948260339631,0.4237041414489864,0.5117463363922983
devries,do0,Energy,rew2.2,1,0.1976598324250679,0.5521527420205494,0.5892033169599452,0.4708929050986634,0.405771142411945,0.4185933830089963,0.4178955879574019,0.440161351152771,0.5085665013419746
devries,do0,Energy,rew2.2,2,0.1981331563540071,0.5330070594130081,0.4876017534688342,0.376656567291041,0.3476791401244162,0.3581423700955384,0.3419613862649312,0.4164699489278272,0.4935674272677852
devries,do0,Energy,rew2.2,3,0.2007520411356106,0.5506809386033271,0.5636350249337235,0.4494002161509767,0.3921081224846369,0.3968932596720779,0.3927422888988579,0.4405146217885865,0.5148694374929574
devries,do0,Energy,rew2.2,4,0.2014383879004263,0.5123701035026833,0.5197258716780395,0.3694581535553269,0.353650743660555,0.3317433497821277,0.3224511505411218,0.3963079728938384,0.4672618785355827
devries,do0,Energy,rew2.2,5,0.197830237783657,0.5431733859478792,0.6028995895017538,0.3895631804513762,0.3750370231263052,0.3650040599540594,0.354564191124624,0.4319067365126027,0.5128262470370437
devries,do0,PCA RecError global,rew2.2,1,0.2001002698843657,0.5872171919370706,0.6020404577268965,0.4560040057226868,0.516095476066559,0.4489076109995809,0.4289919069211375,0.4853081010061106,0.5707226222523594
devries,do0,PCA RecError global,rew2.2,2,0.1991909097399267,0.5842465278545054,0.6481618346876402,0.4126273840012111,0.496622891294839,0.4236283479571771,0.4001390827774659,0.4994248967378568,0.5695242589280683
devries,do0,PCA RecError global,rew2.2,3,0.2000114503295424,0.5984261282584504,0.6349894503454325,0.521762528478496,0.5377648774522281,0.5153850757778377,0.5036579829909058,0.4923076033978564,0.5880478436391602
devries,do0,PCA RecError global,rew2.2,4,0.2005796440841573,0.5699467515211768,0.671163260885373,0.3876137787495048,0.4853322865869203,0.3596195567874022,0.3560815531142452,0.4714416381509843,0.5553234272927479
devries,do0,PCA RecError global,rew2.2,5,0.196319259338947,0.5867816972105234,0.6637277319080519,0.43960311479703,0.5179697014766306,0.4302538972686419,0.4234466808035601,0.4881593916834464,0.5784252441823579
devries,do1,GradNorm,rew2.2,1,0.2062465248851737,0.5427680289014261,0.5736724220905168,0.3573644200238152,0.4078678593541252,0.3266549541710823,0.3133850631015973,0.4076224187860265,0.509329007340318
devries,do1,GradNorm,rew2.2,2,0.2026678298458382,0.5254105587253579,0.4646125136764875,0.3626385480228687,0.4279604567236275,0.3320341967760813,0.3228898366508954,0.3998753785679966,0.4965361704927352
devries,do1,GradNorm,rew2.2,3,0.206315956604291,0.5309100227886533,0.4882709048197524,0.3984771906117865,0.4041256958558695,0.3667036589235096,0.3617979064074151,0.4234807931964548,0.5011744448317226
devries,do1,GradNorm,rew2.2,4,0.2047542359877217,0.5481581386125424,0.555846371563855,0.4224954699948278,0.4525377445701879,0.4003387959393552,0.3890265352346133,0.4288582815200107,0.5264694401130466
devries,do1,GradNorm,rew2.2,5,0.205645115460249,0.5326400700711965,0.4527021953000811,0.4474404141975794,0.4069181384378085,0.4101003358538709,0.4106488907006316,0.4285987823736594,0.5048623230267887
devries,do0,ViM,rew2.2,1,0.2042914719822747,0.5929198508813975,0.732798816354836,0.5866414253234874,0.5782130628739728,0.5553110390823505,0.5523144266791178,0.4922921188232879,0.5738925504934107
devries,do0,ViM,rew2.2,2,0.2087235675859782,0.5848372762363038,0.6137616908172951,0.60921009923228,0.5765675390182818,0.5884631505533576,0.5821806496973237,0.4947335510588041,0.5734264943522773
devries,do0,ViM,rew2.2,3,0.2093807040072082,0.6059163043952158,0.7353802961478594,0.6209557548292226,0.5832877513269955,0.5943547218296176,0.589819315842825,0.5138583369075916,0.5889220513008877
devries,do0,ViM,rew2.2,4,0.2020422345603098,0.5508203221623731,0.6364547343914574,0.5586656478479776,0.531095924222451,0.5416810591242938,0.5279842713194502,0.441588769438791,0.5301876839947718
devries,do0,ViM,rew2.2,5,0.201702155117558,0.5703696541868706,0.7028961760887114,0.5899693221881774,0.539635997830935,0.5533534424984176,0.5518314423580993,0.4750231749829536,0.5453373364345541
devries,do0,pNML,rew2.2,1,0.2039027818449618,0.5780722193430875,0.725372205892336,0.5846183353005879,0.5610241886810376,0.5416840791838149,0.5456077409490191,0.4842273304181334,0.5617710142814654
devries,do0,pNML,rew2.2,2,0.2060071157308659,0.5865754401810177,0.6706571585379416,0.5813172515082471,0.561663576337861,0.5490538966387364,0.5446941395197219,0.4938004800114804,0.5683113324955619
devries,do0,pNML,rew2.2,3,0.2091162006912626,0.5825364349760911,0.6998030585809234,0.611437973480455,0.5806042566276326,0.5731368141434202,0.5736827364620598,0.4960439333394095,0.5692163287556574
devries,do0,pNML,rew2.2,4,0.207268929907078,0.5597840549282624,0.6634615183534975,0.5471243642328112,0.5378409726847121,0.5009666219127089,0.4971005583920901,0.4585657357704828,0.5359135861060075
devries,do0,pNML,rew2.2,5,0.2041126732721324,0.5912687124107865,0.7280304243604399,0.6088440412203897,0.5745865206101205,0.585781735871769,0.5775760993084105,0.5010328812816633,0.5779001678063671
devries,do0,Maha,rew2.2,1,0.2089989351664568,0.6138680079406501,0.780658148296081,0.6357848551347288,0.6343271051107914,0.6069925225329154,0.6044794539775623,0.5151982336899645,0.6004914339369162
devries,do0,Maha,rew2.2,2,0.2091973861446896,0.6020660129577391,0.7151616253523158,0.6479660574987346,0.6352771499409574,0.622426954505216,0.6175387328684654,0.5185572881644281,0.5932928729673557
devries,do0,Maha,rew2.2,3,0.2131066405209593,0.6176073773572698,0.7586706854678645,0.6483584652748804,0.6225470878322749,0.6251458080682611,0.6207309829154625,0.5248830975950942,0.6047303570510268
devries,do0,Maha,rew2.2,4,0.2062504670743145,0.5864631160833671,0.7094342946370702,0.6178028964752935,0.5912135839331774,0.6017554371388532,0.5874342268449979,0.4846962434564433,0.5674723814972273
devries,do0,Maha,rew2.2,5,0.2046296612476595,0.6001089590729691,0.7415886129065173,0.6446179559700946,0.6051176150831926,0.6179699257188126,0.6112241326186347,0.5020098090424101,0.5835056471235843
devries,do1,Residual,rew2.2,1,0.2163792857276558,0.5951742759708181,0.6927199456284041,0.5929859652810704,0.5512904237993815,0.5739775879631926,0.560968809543969,0.504196298663159,0.5696903988038804
devries,do1,Residual,rew2.2,2,0.214928401336899,0.593653903996507,0.686055311590103,0.5593053413203655,0.5699835646706648,0.5458568098100142,0.5248094051456428,0.4923738080947178,0.5706913542973321
devries,do1,Residual,rew2.2,3,0.2179353735827366,0.5850224109152441,0.707741578292182,0.5151336718020452,0.5540892351601527,0.5083697752897516,0.4836694855790232,0.468030797710685,0.5508252383799274
devries,do1,Residual,rew2.2,4,0.213696516532734,0.5848997509595455,0.7058139509230773,0.5516061331540381,0.5487049730542516,0.543224023531853,0.5207908165360222,0.4911005272548414,0.5490708099788134
devries,do1,Residual,rew2.2,5,0.2183069373626616,0.6022141897408967,0.7029963616082759,0.5593069207759065,0.5636463428319531,0.5545442815497453,0.5350004344063919,0.5024520960577064,0.5757527121097701
dg,do0,REN,rew10,1,0.1798126044716577,0.5284716508341836,0.443465315601593,0.4602804828587483,0.4137761760125978,0.4546177093058344,0.4416290943295314,0.4017199113176166,0.5181324318417371
dg,do0,REN,rew10,2,0.1825030491055136,0.5702505181990702,0.5166125444286749,0.5274429457783893,0.5619934754871028,0.5777363763214638,0.5432127628884805,0.4368327181109808,0.5711311114542512
dg,do0,REN,rew10,3,0.1831846324115301,0.5414012364299975,0.5339298021550224,0.4937312226508954,0.4742345848822148,0.4877093444417893,0.4744696656555641,0.4354908836399931,0.5314447112051859
dg,do0,REN,rew10,4,0.1820069615639401,0.5181496742245223,0.4191636494126842,0.4587249082453662,0.39625825678213,0.452037270123606,0.4423341336952411,0.3980778670411928,0.5052985514824507
dg,do0,REN,rew10,5,0.1875537378045663,0.5429231652252654,0.4328647068398701,0.5238420587355941,0.4636475983124141,0.5313494923266409,0.5188905328991203,0.4042576197184226,0.5427006261100219
dg,do0,MSR,rew10,1,0.1812104518519036,0.5367740690749845,0.4742290911277239,0.4509815604890092,0.4137786632739395,0.4383572445932494,0.4215761554904269,0.4181906415714955,0.5215873468596308
dg,do0,MSR,rew10,2,0.1809054833968624,0.5465919671885185,0.5260938475229796,0.4619858631694006,0.4384988279452882,0.4693306312496723,0.4475129454110097,0.4267223001052175,0.5355075721701475
dg,do0,MSR,rew10,3,0.1842110103328443,0.5455044062304762,0.5393808526810899,0.4897583063750367,0.465466196410707,0.4768170423281194,0.4610740169733565,0.4374894427995234,0.5330428456189695
dg,do0,MSR,rew10,4,0.1830571043368283,0.5337575213645668,0.4871783642635343,0.4543777439141951,0.4292969274602525,0.4421939121416177,0.4290493850176641,0.4250775673654972,0.5203760071367142
dg,do0,MSR,rew10,5,0.1859975039658734,0.5386114274502976,0.520286263543582,0.4539014700737919,0.3881347661965152,0.4331135974562122,0.4201825088699251,0.4178794819418644,0.5218410385714174
dg,do0,PCE,rew10,1,0.1811702746217306,0.5301209182738026,0.4530141193662442,0.4353548067479424,0.3938241252397342,0.4193246896186318,0.4025009567644028,0.4100141409541623,0.5124374515857992
dg,do0,PCE,rew10,2,0.18151547184055,0.5444261685368144,0.5222804925261556,0.4631784462526165,0.4451621521507241,0.4715841702980589,0.4493094619543781,0.4254364528878722,0.5338128598650721
dg,do0,PCE,rew10,3,0.1865117682521823,0.5699086150069308,0.601149599293135,0.5508876945818882,0.5532488508956788,0.5543323562449687,0.5386702081865827,0.4761802295574699,0.5667565370013913
dg,do0,PCE,rew10,4,0.1827344880148583,0.5260258110024495,0.4693129809308656,0.4343014926557065,0.4054501511767758,0.419953885921127,0.4077676239945472,0.4160792126600905,0.5106096110712903
dg,do0,PCE,rew10,5,0.1858714389586344,0.53303297769184,0.5045849549085455,0.4388175183759483,0.3659728550006572,0.4143034264492853,0.4015109073759537,0.4096212882376956,0.514054819338395
dg,do0,PE,rew10,1,0.1810619686764925,0.5235806584121113,0.4513738558069832,0.422712660018514,0.3852305527475382,0.4039883218982787,0.3882319390721581,0.4044438567754084,0.5019930043776102
dg,do0,PE,rew10,2,0.1824436279374145,0.5398464857221017,0.5138637428887499,0.4570679037573873,0.4414257963335363,0.463812687931454,0.4428696161620271,0.4214098138084453,0.5270781133146611
dg,do0,PE,rew10,3,0.1871771877368271,0.5749684245324383,0.6192556437628255,0.563550864620345,0.573398172500925,0.5709184775515888,0.5546981237939306,0.4837583663145683,0.5730996288007604
dg,do0,PE,rew10,4,0.1833273223089051,0.5190028825272793,0.4658773801356836,0.4140634342297415,0.3878128617983372,0.3978905227190327,0.387475152766304,0.4097194118323329,0.5003915028330784
dg,do0,PE,rew10,5,0.1868944157963834,0.5277788013102518,0.4967433504349193,0.4212473369991057,0.3475108271536957,0.3918876105234706,0.3793356764564885,0.4041997143823062,0.5047979961275465
dg,do0,GEN,rew10,1,0.1819311547370136,0.5432458697990084,0.5215049280919043,0.4791268224630487,0.4569109934801901,0.4761833997978899,0.4591054603959135,0.4306516673149785,0.5347151383584113
dg,do0,GEN,rew10,2,0.1852184507752721,0.5858976256658153,0.6150705924194175,0.5401991119540832,0.5321594822357681,0.5509018453159453,0.5285388207614898,0.4756152442589499,0.5811808001602724
dg,do0,GEN,rew10,3,0.1835259260425713,0.5451971523561792,0.5454251371435969,0.4881701513706701,0.4614126479755357,0.4750916052725567,0.4597790828185995,0.4371443744348786,0.5335376901563501
dg,do0,GEN,rew10,4,0.1841211017343543,0.5336842837389177,0.4617817127241613,0.456336246150778,0.4264088330767374,0.4463420825471839,0.432944521937794,0.4209389622898639,0.5216236294699922
dg,do0,GEN,rew10,5,0.189468149197245,0.5755482658353518,0.6122306312331738,0.5373353884596375,0.5090536215104694,0.5316952685032534,0.5183337096798338,0.469227150453174,0.5690797177760177
dg,do0,CTMmeanOC,rew10,1,0.1843109346459435,0.5481407543149319,0.5546660211530773,0.5027718987623274,0.4789321710043004,0.478366239285671,0.4696407418834759,0.4353526337249642,0.5341331440111706
dg,do0,CTMmeanOC,rew10,2,0.1830602789799018,0.559667120105186,0.5940989119362052,0.4973299590494809,0.5022855922640943,0.501101963310093,0.4827736720037165,0.4407164309377778,0.5478456599974257
dg,do0,CTMmeanOC,rew10,3,0.1856164831382334,0.5480222514883211,0.5904674880860177,0.5058056971793365,0.4827450073922804,0.4872819789311901,0.476705808385691,0.4334849111787026,0.5333073341181355
dg,do0,CTMmeanOC,rew10,4,0.1853429829899975,0.5395694627948732,0.5265336102322814,0.5016186738566422,0.4702117325866107,0.4817924649458115,0.4731274893239049,0.4234969802738304,0.5246092717507133
dg,do0,CTMmeanOC,rew10,5,0.1877720790954914,0.551735209014696,0.5663455556329243,0.5103704851715896,0.472208451501148,0.4804281154094063,0.4756085401763461,0.4326192151071366,0.5342642791525064
dg,do0,CTMmean,rew10,1,0.1844157734045164,0.5482012321665253,0.5562660040820943,0.5027659619635974,0.4790886765212748,0.4779720054098864,0.4693631157058342,0.4355416279638615,0.5337905297429847
dg,do0,CTMmean,rew10,2,0.1831541804033957,0.5598358735248947,0.5962739679404453,0.4976826327333994,0.5026465913210459,0.5010306760418304,0.4828338193566323,0.4411031809884114,0.5475931784589986
dg,do0,CTMmean,rew10,3,0.1857263564713335,0.5483096243701852,0.5927304484584011,0.506133154910756,0.4831537590984222,0.4873404659790013,0.4768709137286372,0.4338055377710305,0.5332674680030981
dg,do0,CTMmean,rew10,4,0.1855280260841265,0.5396420854652288,0.5293342603897435,0.5014751341784696,0.4705034099782597,0.4813222489712564,0.4727404656765116,0.4237052616588972,0.5241773027617391
dg,do0,CTMmean,rew10,5,0.1878854240377993,0.5520983976911863,0.5684887368196497,0.510663338411107,0.4731766480093101,0.4804793127091047,0.4757669038513557,0.4331732552700174,0.5342783516334197
dg,do0,GE,rew10,1,0.1826523956919782,0.5254943810782364,0.4436317668853572,0.4149982961047362,0.3762108940224073,0.3919072935752673,0.3767300146515601,0.404449342617203,0.4991976615408683
dg,do0,GE,rew10,2,0.1829992030192613,0.5379023125797324,0.4962061736460893,0.4453832007940518,0.4307344920748242,0.4523498057454961,0.4304353473168499,0.4154736108295085,0.5212977650248738
dg,do0,GE,rew10,3,0.1887095516398092,0.5790691875803123,0.6176480840314628,0.5666678663983833,0.582080271086067,0.5777828276437735,0.5618170988464017,0.4856568535659958,0.5757830501131448
dg,do0,GE,rew10,4,0.1855512437657893,0.5180139379492226,0.4588137148080772,0.3955745407916123,0.3694131942689779,0.3764937456353077,0.3676413788597539,0.4089068096677204,0.4956343438100745
dg,do0,GE,rew10,5,0.1887491808217899,0.5326158428285804,0.5039633917257773,0.4183091527353613,0.3451226699053151,0.3857664300129126,0.3730316578701639,0.4083191324705164,0.5065544554823618
dg,do0,fDBD,rew10,1,0.1856819310293041,0.5494868775831825,0.5419890654379123,0.489639051095503,0.4590631920907811,0.4617259124063233,0.4527594531922935,0.4313161864078575,0.5290996922625971
dg,do0,fDBD,rew10,2,0.1846327237646405,0.564812305944085,0.6048485871383186,0.5017368094323562,0.492560841152216,0.50644518989646,0.4874909945261757,0.4470567553853268,0.5506545973619131
dg,do0,fDBD,rew10,3,0.1876843727041237,0.5621033123108654,0.6157464941575272,0.5229870401040438,0.5100280133889107,0.5137985106903497,0.4991181920988017,0.4524935604419249,0.5489808297597819
dg,do0,fDBD,rew10,4,0.1856046551558804,0.5392233272515964,0.5299867245491043,0.4799130128464379,0.4546022759693581,0.4640188439497974,0.4524321930788696,0.4231680594859126,0.5183485577441085
dg,do0,fDBD,rew10,5,0.1898370652965164,0.5571565039807473,0.5729955625204487,0.50203132693745,0.4499421889023869,0.4681342582135937,0.4622217527072821,0.4328531761960729,0.5344804111709847
dg,do0,CTM,rew10,1,0.1848660577026604,0.5202512540380528,0.4478979188150138,0.4316497569630465,0.3480908859610853,0.3984403279881602,0.3861475432979371,0.3919899716369518,0.4909789814108355
dg,do0,CTM,rew10,2,0.1841913886754826,0.5467308745939846,0.5421022607868791,0.470662212444176,0.4308741252243811,0.4713334281435031,0.4516732163575567,0.4261673984673506,0.5255500813676793
dg,do0,CTM,rew10,3,0.1876494791598885,0.5621784709197245,0.5989662433755774,0.534429990924916,0.538743315219198,0.5346537418461245,0.5177764229773967,0.4545597081835935,0.5517170812164921
dg,do0,CTM,rew10,4,0.1869560802508599,0.521259871590608,0.4638710366725399,0.4526260469438166,0.3629431422899274,0.4220758573905365,0.4164898192730094,0.4018320265405202,0.4916425006950908
dg,do0,CTM,rew10,5,0.1897835634296373,0.5275694210935061,0.4863410654076942,0.4564193156829631,0.3168324248152385,0.4112834899544551,0.4069676145648834,0.3958215281686395,0.4975132342253561
dg,do0,Confidence,rew2.2,1,0.1876402553548371,0.5132368326234342,0.5356867048656824,0.338252706391189,0.3314834967661433,0.3371739211198318,0.3177121898800431,0.3740318957433549,0.4951340097503225
dg,do0,Confidence,rew2.2,2,0.1849193043852721,0.5383932448393721,0.5000251496472466,0.3391007363196816,0.3786370636567946,0.3443147324840028,0.3247834974907899,0.3985069154807704,0.5237428724723766
dg,do0,Confidence,rew2.2,3,0.1916088017361858,0.5278531634028785,0.4232663854631704,0.3758011764930183,0.3638286341222437,0.3672968199131114,0.3439795710929491,0.3862501812287388,0.5088029122795782
dg,do0,Confidence,rew2.2,4,0.1884395012693916,0.5300563853046527,0.4439361984592481,0.3660495103130718,0.3826629121829597,0.3744081337716229,0.3601929217366159,0.4058373469142276,0.5174460776806458
dg,do0,Confidence,rew2.2,5,0.1825600624405066,0.5459287668661409,0.5379357786723311,0.3707481660906342,0.3823823726613764,0.3747252026518863,0.3585553807973164,0.3975880695279788,0.5316084102754519
dg,do0,KPCA RecError global,rew2.2,1,0.1998931690662624,0.5021721857753303,0.6760826326738016,0.48924754838966,0.3458284012881762,0.4294208089214898,0.432375927573301,0.3876895624478814,0.4636492566894764
dg,do0,KPCA RecError global,rew2.2,2,0.1929759980221792,0.5387082814086628,0.6478388375385168,0.5532973859971954,0.4905287181796236,0.5079301092161809,0.5061189489119393,0.4441817372649198,0.5039998357898028
dg,do0,KPCA RecError global,rew2.2,3,0.1866511516426401,0.5310561315253486,0.5372885381620821,0.4260651517307371,0.4196556657717437,0.4203734507262875,0.3965579209038623,0.4007840088739214,0.5113271213218066
dg,do0,KPCA RecError global,rew2.2,4,0.1864461951113227,0.5243152436511584,0.4304948914407225,0.3409089606164994,0.3787392426383773,0.3424533909960393,0.3295432484751506,0.391314159413774,0.5050618838654162
dg,do0,KPCA RecError global,rew2.2,5,0.1858855571338756,0.5543770955507192,0.683607100171534,0.5200338607217727,0.5363950833709129,0.4990007380154923,0.4915393185113307,0.458091075845736,0.5385337147341057
dg,do0,NeCo,rew10,1,0.1884500074158409,0.5291902440078876,0.434943689628009,0.3970365487241293,0.3586897196974021,0.3669924857885083,0.3528001918858063,0.4108551460201904,0.4900466916338309
dg,do0,NeCo,rew10,2,0.1887939606811849,0.5424254095119504,0.4996698372842862,0.4130561703029137,0.3604791584255647,0.3972916495778464,0.3818355568397548,0.419185936983366,0.5126581553416287
dg,do0,NeCo,rew10,3,0.1920113481819086,0.5313200907621081,0.4955892223853588,0.4094745364178979,0.351432229670371,0.3655085890742463,0.351970693222356,0.4126884569169791,0.4949059209772635
dg,do0,NeCo,rew10,4,0.1925080395505768,0.5278078146360321,0.5037982680849405,0.3778264823612464,0.364847048992417,0.3552003529460759,0.345695177187565,0.4284045796405906,0.4970119954108039
dg,do0,NeCo,rew10,5,0.1946178450239071,0.5518335388324764,0.5618658899086193,0.4298597919687728,0.3659886369490009,0.3944756829292247,0.3816286426770962,0.4354226645881566,0.5185864016396107
dg,do0,MLS,rew10,1,0.1884598534898014,0.5293229782477845,0.4348831667492598,0.3970236651181528,0.3586311089889469,0.3670320150294017,0.3527925014471577,0.4109251108113746,0.4901955689760355
dg,do0,MLS,rew10,2,0.1887973314711342,0.5424741188489026,0.4996042483389319,0.4129693725267975,0.3603218533977663,0.3972423204506595,0.3817606172351521,0.4191852482932549,0.512722216331234
dg,do0,MLS,rew10,3,0.1920248460038824,0.5314578841396856,0.4955890997406745,0.4094423239416405,0.351319011268065,0.3655029012313107,0.35194470644086,0.41276546208207,0.4950842209004643
dg,do0,MLS,rew10,4,0.1925266994964366,0.527974287570524,0.5038494055011415,0.3777975744391739,0.3647211934940731,0.3551954019236113,0.3456636062661862,0.4285041700581904,0.4972140643179683
dg,do0,MLS,rew10,5,0.1946223168172448,0.5518519537667644,0.5618568984090109,0.4298113416767146,0.3658979159548927,0.3944382859422895,0.3815838202603056,0.4354200757513018,0.5186002072552333
dg,do0,NNGuide,rew6,1,0.189031996641064,0.5564311762666827,0.5504966280137269,0.5025683141254844,0.4611244817621477,0.4816289887460153,0.4734808698497949,0.4496416347908505,0.5338182619696266
dg,do0,NNGuide,rew6,2,0.1895315753787912,0.5447811523890184,0.6119614394523742,0.4676291055913831,0.4535251413261062,0.4431455723316628,0.4315430871112972,0.4360697084294457,0.5207306681889013
dg,do0,NNGuide,rew6,3,0.1953463064893001,0.531092039135327,0.5121646180954694,0.3904079814867152,0.3733146356476651,0.3542523645507984,0.3470228992736092,0.417671528052323,0.4954720905860741
dg,do0,NNGuide,rew6,4,0.1945807357286353,0.5424639339938033,0.5517769345872475,0.4218694701637703,0.3850109149734293,0.3835567253475301,0.3794239326337927,0.4300660285401985,0.5121539273996973
dg,do0,NNGuide,rew6,5,0.1897747711856843,0.545530093437119,0.5852468001294131,0.4387992891568123,0.4041252336920857,0.4121465222385324,0.4006189724059324,0.4239193483749734,0.5159237027227406
dg,do0,Energy,rew6,1,0.1934233195827085,0.5653615230991965,0.5243873269183501,0.4942368561631943,0.4000229635806631,0.459611664435105,0.4514915947810419,0.4630144672833349,0.5334068236380171
dg,do0,Energy,rew6,2,0.1913501016054562,0.5615731027043297,0.6471408328391994,0.4660102640124625,0.4444354384620588,0.4422459127881143,0.4257316994048737,0.4560034999916132,0.5313875843512226
dg,do0,Energy,rew6,3,0.1953688585342458,0.5520774890074768,0.5750822737123219,0.4025683027830728,0.3957358132674617,0.371465612684786,0.3621970033412394,0.4443119205287364,0.5175445843485051
dg,do0,Energy,rew6,4,0.1958557885580419,0.5645901862287753,0.5788308380417209,0.4320830770583304,0.3901473196078831,0.3907132510025002,0.3839032588364159,0.4579969269004932,0.5353727398409897
dg,do0,Energy,rew6,5,0.1908857873467544,0.5714911055593459,0.6369458577701704,0.4671620616267488,0.4389228043547747,0.4431860211496389,0.4287415577387053,0.4605744531832385,0.545583688008144
dg,do0,pNML,rew6,1,0.2001841371237299,0.6046035184569987,0.7535924178119582,0.6225923151514442,0.679463260912986,0.6135602331689957,0.6037356085242689,0.5318495759188925,0.6063436305250355
dg,do0,pNML,rew6,2,0.19747217770809,0.5992853970090385,0.7039816769178258,0.6059621239744124,0.664408742560349,0.5831207641936268,0.5768982572570868,0.5073090882682392,0.6049829397759737
dg,do0,pNML,rew6,3,0.1984473440724007,0.6011477555748327,0.7486953351257227,0.6142571869406159,0.6849143202052003,0.604130183177677,0.5935414820589556,0.5354771214564624,0.6017671895460767
dg,do0,pNML,rew6,4,0.2030083647771964,0.618112693395507,0.7615430256839688,0.6236536087712251,0.6893326811149617,0.6140740608039252,0.6018943312735561,0.5376489710368556,0.623221722477838
dg,do0,pNML,rew6,5,0.1951184184569336,0.6040954038466589,0.7695179112887515,0.6104939777968823,0.6720828065554424,0.6020365274764469,0.5904345921356458,0.5347005425148711,0.5984011078170003
dg,do1,GradNorm,rew6,1,0.1980867222036691,0.5257151758650699,0.6574099989390102,0.3140445598124762,0.4096623319786266,0.2919742648122364,0.2973932412443709,0.4153818383479913,0.490173969184155
dg,do1,GradNorm,rew6,2,0.1988579951114105,0.559844029387523,0.5599963350313404,0.4221844063621319,0.455426473645879,0.4068470757001878,0.4018498800316105,0.4734985509993539,0.5326641379324393
dg,do1,GradNorm,rew6,3,0.2006240314018136,0.541714142177915,0.4759585987530885,0.4385302677621725,0.4518239768713712,0.3660371574450661,0.400209549534867,0.4415094021369133,0.5077984543997787
dg,do1,GradNorm,rew6,4,0.1982974997577541,0.5334350074683519,0.5490635726377057,0.349020778362705,0.4130738510362595,0.3105462464465039,0.3141076405085647,0.4158876420094947,0.5007649197392622
dg,do1,GradNorm,rew6,5,0.1984804278561766,0.5582675570663566,0.6695183445352925,0.4161490647958756,0.4833603887310979,0.3644003072778672,0.3673206718814286,0.4534441167934201,0.5343116987662365
dg,do0,ViM,rew6,1,0.1993582710240982,0.6147916501667693,0.7498202625111539,0.6136513928297067,0.6554854320142379,0.5961069843465954,0.5880496743992931,0.5260360331882933,0.6060700934985076
dg,do0,ViM,rew6,2,0.2025377177906339,0.6170558285296238,0.7442859590662829,0.6159907504095609,0.6462702963349258,0.5829255572618252,0.5834865026853907,0.508818750751086,0.610471031165285
dg,do0,ViM,rew6,3,0.2004648197152948,0.6069364058662949,0.7060367641704005,0.6221854041003421,0.6410247793027405,0.6121481998150681,0.600877065413373,0.5178038516129431,0.5998008062736648
dg,do0,ViM,rew6,4,0.2048238734855413,0.6166022862658397,0.7573688282487864,0.6446088307338225,0.6719822873057597,0.6298276325390568,0.6214978353691862,0.5293497439424107,0.6185382073722483
dg,do0,ViM,rew6,5,0.2019254850548072,0.6359717331793321,0.7744191830023184,0.6550016233722267,0.6629416256044874,0.6388003814300097,0.6269025785936488,0.5572062437271053,0.6266298527884204
dg,do0,Maha,rew6,1,0.2059888733361992,0.6374472285616641,0.805907912355015,0.6543967444267317,0.695471668520464,0.6398387567444106,0.6313388783620854,0.5513260291311688,0.6347559391808723
dg,do0,Maha,rew6,2,0.2065163020851508,0.6303803153166521,0.7544543063315212,0.6583080741670941,0.680744174853776,0.6305265507163925,0.6307465095231131,0.5291403200378543,0.630621299704506
dg,do0,Maha,rew6,3,0.2052053394934434,0.6341313141826961,0.7611174126430446,0.6768230531256733,0.6883891028457197,0.6719285999973066,0.6575888759520206,0.5476963167015444,0.6314401436063671
dg,do0,Maha,rew6,4,0.2103945138947279,0.6550000643311297,0.8049055762816534,0.6849322595317376,0.7015466805892322,0.67821693009459,0.6650258383337389,0.5616936623160808,0.6567212225618719
dg,do0,Maha,rew6,5,0.2009516538623083,0.6348952603672313,0.7861938651427515,0.6738534496792044,0.6854119974387313,0.6639988179324579,0.6517185719521356,0.5541848904002568,0.6283372219981977
dg,do0,PCA RecError global,rew6,1,0.2061089988154723,0.679592445003347,0.8394944285370225,0.7037761973911391,0.7237349385244942,0.7071004383104895,0.6890889010642178,0.5938243363810153,0.6920624220669431
dg,do0,PCA RecError global,rew6,2,0.2073077203313788,0.659487898449379,0.8265557480661316,0.6880210479371331,0.7184234781799888,0.6917967891288995,0.6750921101921975,0.5718693168119987,0.6735885984879463
dg,do0,PCA RecError global,rew6,3,0.208346036120816,0.6454615333999267,0.7765020169412203,0.655683843826932,0.695343117033604,0.6492891933398707,0.6366513172382999,0.5639656345275977,0.6319570261057735
dg,do0,PCA RecError global,rew6,4,0.2141303291060432,0.6789309618505512,0.8196612681774443,0.6415880850928313,0.7171970430118287,0.6731352828605788,0.638890243404773,0.5809067541669285,0.6927908969244908
dg,do0,PCA RecError global,rew6,5,0.2031174054007609,0.6688348616893458,0.8299545815441904,0.6953465958357052,0.7168779898939613,0.7015375103197231,0.6824771601477,0.590292405159893,0.6773329920705322
dg,do0,Residual,rew6,1,0.2088552352001333,0.6584044166624896,0.8169096021056178,0.6693286287169493,0.7054969813723979,0.6611771192338167,0.6490712945354192,0.569021586772001,0.6573467232582869
dg,do0,Residual,rew6,2,0.2117509485243692,0.6602746693265812,0.7959011235349296,0.6730523821474662,0.6939473124828409,0.6547456867122924,0.6481966408766836,0.5571746445815869,0.6603083010444304
dg,do0,Residual,rew6,3,0.2093961426349024,0.6530952249403036,0.7771923955293291,0.6836354318751808,0.6962402512780969,0.68020915139413,0.6653783189545328,0.5633525611914006,0.6527647335468304
dg,do0,Residual,rew6,4,0.213707443286622,0.6681653160247247,0.8158039618242979,0.6972562607496227,0.7120678786135738,0.693142477089762,0.6784260189218221,0.576845318588248,0.6733151122688118
dg,do0,Residual,rew6,5,0.2073296369591359,0.6745137035570816,0.8139698825161387,0.6949461715034585,0.7015535072861382,0.6868075871109977,0.6718637330082826,0.5884856125934704,0.6709929306024798
