model,drop out,methods,reward,run,test,cifar10,tinyimagenet,lsun resize,isun,places365,lsun cropped,textures,svhn
modelvit,do0,GEN global,rew0,1,50.15068800900525,339.48475678704773,369.1469476086044,402.1666156535038,393.2782192608583,342.22511707738363,384.7271105394548,144.5299884565193,590.8289762913009
modelvit,do0,GEN global,rew0,0,56.68494964966577,363.3792277918802,381.1124415220644,419.44924287764536,421.491412235291,315.34939458128287,347.1055026768413,133.96534771228042,546.1526754090736
modelvit,do0,GEN global,rew0,3,47.61550484274407,353.1580976408031,376.1960126438542,401.6606905105028,404.863921650844,346.0203819656264,340.07376791442107,145.8790995336218,533.2722735904083
modelvit,do0,GEN global,rew0,4,48.52616492750643,350.42795685509003,398.0893540200639,415.8066783966801,419.0974203902142,359.6570074671056,357.9504459481137,146.43644026295274,568.4792341915113
modelvit,do0,GEN global,rew0,2,51.915480137876536,374.4320202855367,387.0445392566412,398.4351919495296,401.95151983617126,333.9444004836384,323.83050908778523,150.35278491429906,524.3550738227842
modelvit,do0,REN global,rew0,1,50.164587730743314,361.7300860540059,376.9489005346773,394.49891346867696,384.2210420218802,355.75776444113654,379.8779386178907,174.98686645175331,586.2359064816538
modelvit,do0,REN global,rew0,0,57.212463445869695,367.026358433119,382.21981668454765,419.71644519395136,422.21052106565895,321.77025413632424,345.1683275353953,157.50132412749736,545.0303366312033
modelvit,do0,REN global,rew0,3,49.36954645380655,380.0429116450713,384.7773787938371,391.8938167333215,395.404750110784,354.88262287490693,348.6814808399878,183.5348620050744,542.4170887438144
modelvit,do0,REN global,rew0,4,49.453558757399705,353.9040832372652,398.093860137087,408.12864411806777,412.26134230537576,360.8679375086728,353.33392712381885,150.59928220102714,564.5384791943103
modelvit,do0,REN global,rew0,2,53.619984485491074,359.6525538823507,382.08675275394,411.0184615800223,420.0440871116002,331.4234881054813,324.83385515723387,140.7627257348937,509.8498206895128
modelvit,do0,GEN class pred,rew0,1,55.04447360017086,347.12687674633065,383.8909433778187,422.2192819601559,415.2687836732474,350.3102387541554,382.6083298073545,148.01842524767787,591.3582869498724
modelvit,do0,GEN class pred,rew0,0,55.931616205354935,361.1648894286329,378.1459237054543,421.9786928560504,430.2113259181095,311.518708100044,336.6969134742999,123.25818441002164,538.7512463467007
modelvit,do0,GEN class pred,rew0,3,49.85683090349014,353.06540468627054,377.4347237759956,403.8825522326952,411.52415399803454,342.4327925994759,343.04319200651906,144.26615690383187,532.2550182693152
modelvit,do0,GEN class pred,rew0,4,49.18085764878644,350.6468930061888,400.51521902063,418.9904534755259,427.2141355757421,357.7454134181847,361.1873657120373,139.79818872878857,578.2686269779502
modelvit,do0,GEN class pred,rew0,2,51.61352386527981,361.144421907572,379.2486859199792,399.9988828134312,411.1220450450057,326.11333116592687,317.3687376259565,133.26998285880322,519.4514775173299
modelvit,do0,MSR global,rew0,1,52.80555318594382,324.6207649829935,364.0924361633244,413.4007230088785,408.3778900772272,335.05591667601703,387.82940182815497,126.0393313746869,588.079250986736
modelvit,do0,MSR global,rew0,0,56.685534609960776,354.7426093832946,375.9202831213463,427.7687743016708,429.8481702879677,306.96020264801444,342.6004543011831,115.70590155384376,538.1981875322533
modelvit,do0,MSR global,rew0,3,49.571900357998224,336.55655007564786,372.3166486116793,414.6606970262776,417.0852222639297,342.4193863337554,336.48573489918203,123.62962660810103,529.3824318879529
modelvit,do0,MSR global,rew0,4,51.190799595553045,334.6249532372726,396.2917663778563,431.5638255693936,436.45484860648577,355.80763062930384,361.46280855813006,126.3433719498521,566.5102604022228
modelvit,do0,MSR global,rew0,2,53.18660802767576,359.5533464135427,381.4326181304799,413.7416023692255,421.0598208542776,326.24237950099086,325.75738676394803,123.68590558601235,514.3156677966697
modelvit,do0,GEN,rew0,1,55.16968986651941,350.7082782638289,381.46846045711146,428.8095195489069,414.5231481937707,352.81851666534413,391.2212594432581,149.8465617534475,588.2825337089947
modelvit,do0,GEN,rew0,0,58.06314687400187,358.7163408399535,375.6004944835669,420.8229600899583,425.07037578791,306.4075677928456,344.1401496828077,122.36969875824488,545.8944498332569
modelvit,do0,GEN,rew0,3,48.54329180308224,357.43792170133844,376.60605322112417,404.0753862516681,408.3699776184871,347.8747313934153,341.8368310783288,147.52099630951787,536.5963775718383
modelvit,do0,GEN,rew0,4,50.362297023933095,354.9182178881236,407.3112418297112,424.0618687669373,431.2887515331746,364.2230199472096,365.1170604845641,148.13141852924622,571.64861280674
modelvit,do0,GEN,rew0,2,51.5333326813729,373.02773669787945,387.1373429896647,394.99051477592127,401.10875432316254,329.37536267251795,320.8518896098513,147.78076949423112,521.6995201365714
modelvit,do0,PCE global,rew0,1,53.58791841179481,324.34254486977375,364.3240349605495,414.5558637869985,409.4767735121065,335.08538825954923,388.19934080355216,124.93182361014227,588.2657347226066
modelvit,do0,PCE global,rew0,0,57.14734708735844,354.15080133367246,375.75967624636377,428.4414542495308,430.62197646538624,306.0560338494621,342.3819477147122,114.38426739422512,537.675350516874
modelvit,do0,PCE global,rew0,3,50.313498802738295,336.2782627609838,372.5334617585471,415.7634216564812,418.16636367735447,342.5950895928751,336.45670353429267,122.64738541690876,529.3814157324272
modelvit,do0,PCE global,rew0,4,51.73352740265098,334.1006862298976,396.5370711529965,432.58750466730646,437.414121603624,355.73477710625167,361.7114397337261,125.32611666227685,566.6087394227657
modelvit,do0,PCE global,rew0,2,53.79146545238865,359.2141741126861,381.44478681043415,414.87616837542936,422.16062780365473,325.969603444606,326.2546886070645,122.2150783402822,513.6527286496496
modelvit,do0,GEN class avg,rew0,1,57.42851421871679,322.99045873798644,399.5015840779576,419.5521748072457,418.2198111978855,360.7513935867845,443.67907310967934,157.86828468015648,636.1708023186121
modelvit,do0,GEN class avg,rew0,0,55.04142385417184,328.32192701424964,392.0155548729935,416.0574718751808,441.8005227952127,330.4621927787509,429.4176029385838,140.81110321265248,618.0351043624286
modelvit,do0,GEN class avg,rew0,3,49.811218537618586,338.9174646897036,399.5961954932691,420.32826844677714,448.2685904848752,373.9396075044729,423.6897144331606,159.5540369137343,591.4342773805425
modelvit,do0,GEN class avg,rew0,4,52.58777793064768,340.27287651327674,425.5336842669614,420.304493549672,432.184134759565,373.8610440751666,429.2689719086908,150.44711825206906,619.0506945780062
modelvit,do0,GEN class avg,rew0,2,52.50323865951102,360.9876190880537,397.7146254156222,394.969988254428,407.6224188175258,338.53996042016223,372.841277966785,156.92887859723373,564.4387913067567
modelvit,do0,REN class pred,rew0,1,56.02831749052992,371.2924019969072,395.1533348297317,412.15495989367497,400.99215752985816,362.7407782414058,387.09594656683015,183.60605309857436,601.0122151596179
modelvit,do0,REN class pred,rew0,0,57.22630265435258,364.2699378021488,379.46648100832346,420.1086941992514,430.46585932205,313.2670302836897,336.7612875891184,129.6422497652416,538.9902509548338
modelvit,do0,REN class pred,rew0,3,51.46529820152165,381.6972423037141,385.4154803966107,399.7070621886819,407.5574027590385,360.8205796987738,325.29662641048685,221.72233985318573,520.3055352837101
modelvit,do0,REN class pred,rew0,4,50.63605890658577,365.16419054825263,402.1570392271128,430.40453157399537,442.4725656276091,370.0516617951397,354.21925926417885,163.89429428889505,568.3290018095323
modelvit,do0,REN class pred,rew0,2,52.09484994456244,366.0411723634887,381.6962719648219,393.8677651726091,406.48135556619,330.3184174825971,314.64392360818016,150.04119817180327,521.9986176473653
modelvit,do0,REN,rew0,1,55.24514738196068,374.1966228705738,390.5431050444871,423.0380925604996,407.34759366306713,360.3080597252083,389.3634727986826,186.40949103485733,586.9478742990476
modelvit,do0,REN,rew0,0,58.620509769590655,361.86964671678606,377.0066714232372,419.5491737492978,424.5624902948049,308.6769413499489,345.0983755265583,128.65457171596003,547.21832269114
modelvit,do0,REN,rew0,3,50.155228668176846,382.5099437384524,385.3124077370773,394.0694000825642,398.8019018814883,355.6654546634816,350.2254063990696,182.5304717324705,545.8466892496804
modelvit,do0,REN,rew0,4,50.91508506902476,363.0696692981044,407.6216748302327,415.50710330035065,423.6557671509125,367.28113732363806,360.7871781597148,160.9657104397268,568.7412207276474
modelvit,do0,REN,rew0,2,53.213243570129485,359.254168478085,382.7443291349581,406.38929293376987,417.5745758843387,326.1656789087117,322.26682106701173,136.71370869778585,508.4434945097808
modelvit,do0,CTMmean global,rew0,1,49.80927685598055,355.5812889897141,342.69395535570703,337.6120303344361,326.90118606470514,320.7164606637933,280.87256335988224,130.20678472988706,434.45980341720514
modelvit,do0,CTMmean global,rew0,0,58.680756159267794,353.8214569642361,356.24443366812045,437.1548093176374,400.07358013146217,275.51528384613874,355.85705604853865,116.1448018645556,463.942935965996
modelvit,do0,CTMmean global,rew0,3,51.64583330465785,340.2557368078505,340.3651050016775,372.3421326060172,354.93387757692096,287.5250212415985,338.85878058674746,117.77024836869688,459.1853256216663
modelvit,do0,CTMmean global,rew0,4,52.9564248369962,382.7582077313917,391.924872816787,405.5262350344871,382.8714020947396,312.50639953655246,384.1579001955122,120.76138696317383,443.0205217822584
modelvit,do0,CTMmean global,rew0,2,56.52023679160405,336.23871000523826,354.28209917569035,423.0644054208614,381.35697139790847,280.4144998866045,419.9670589772505,118.56079005691969,467.5438885595884
modelvit,do0,MSR class pred,rew0,1,57.43876044930612,333.62226327515606,377.7591133580746,434.50925893312143,432.1653775297092,343.1731419864104,381.82329021911,127.72266315141523,583.8988233360527
modelvit,do0,MSR class pred,rew0,0,55.92637834380953,357.46089477897164,376.2190114279209,426.8662730196805,434.9822833270316,308.00582048834104,335.44969788287614,115.37005287386592,535.059125080468
modelvit,do0,MSR class pred,rew0,3,52.00846569539863,338.3494428779515,374.70365413009455,420.2781769557329,427.5121239999871,337.7749523890297,340.0237943319287,123.54981273778846,528.4857891099863
modelvit,do0,MSR class pred,rew0,4,51.796562426987705,336.29509778442974,399.6026571064566,437.9670511706977,448.57514525088106,355.1419518667168,366.3138673348915,120.83134573993098,573.894484097977
modelvit,do0,MSR class pred,rew0,2,52.7890331054872,355.0395822603261,377.3892089648963,410.1693443961988,422.5105157730661,324.091830025633,320.57333488403503,122.96018759922026,515.1532032401318
modelvit,do0,MSR,rew0,1,57.33600538525094,334.8363246925502,373.9640467826005,438.803856677996,427.793912441674,345.8799351871934,390.6734760392743,127.05047639003864,581.8768356532663
modelvit,do0,MSR,rew0,0,57.39764456459223,354.65370816735566,373.9206372935968,423.7404179780983,426.89550380100974,304.32142375336275,343.6107401334214,116.43284577653898,544.1376062005659
modelvit,do0,MSR,rew0,3,50.44271362846933,340.9025858152646,372.1744663705875,417.51651170678485,420.9121412431436,344.7672228424683,338.06023855817745,125.0463861834131,532.2596731705332
modelvit,do0,MSR,rew0,4,52.80120114485796,338.9627977519712,406.0652459619065,440.8960823718149,449.4947274273451,360.09335688692795,368.7649687491085,125.46729473363946,568.9886451966578
modelvit,do0,MSR,rew0,2,52.60662934888388,358.8785761780357,381.8611667379329,409.05415395313946,418.4536437998432,322.03142128486104,322.9046232888454,122.06264482035454,512.0186930295268
modelvit,do0,PCE class pred,rew0,1,57.91963825567599,333.1093890946961,377.7859667926513,435.6638881180171,433.28402458128267,343.1231759061729,382.10407211612977,126.41791844553433,583.7981990698581
modelvit,do0,PCE class pred,rew0,0,56.17755470609363,356.8136760980216,376.0148107375161,427.3576220290551,435.5606254472302,307.38628521870777,335.2676535767262,114.29836822496324,534.5263463261518
modelvit,do0,PCE class pred,rew0,3,52.31854354728756,337.8525403411573,374.7445539824277,421.0457114985209,428.2787070171415,337.75738890272925,340.0039331019477,122.56530706469609,528.2820689996879
modelvit,do0,PCE class pred,rew0,4,52.12379314062463,335.7749908962482,399.7522697930613,438.8921188448842,449.45120246896806,355.10250001576213,366.5977873722719,120.08040675297435,573.7822304404503
modelvit,do0,PCE class pred,rew0,2,53.1951754972173,354.7546949854701,377.3501260934286,411.0819368494035,423.4005770705288,323.9266734110202,321.0313112833422,121.8865246608753,514.5186036238805
modelvit,do0,GEN class,rew0,1,56.546411159484144,351.566037191963,384.6355391889104,429.09869301495775,420.9249718127445,351.8631339103728,401.0270595358822,150.20333061537733,603.5083443123953
modelvit,do0,GEN class,rew0,0,57.51722056978346,362.8666799640664,381.6891673228509,429.0813644051951,437.11434288624906,317.70405358852634,363.2741181890144,131.14893832495736,556.2467687647011
modelvit,do0,GEN class,rew0,3,53.13186379046573,375.8656234832648,391.9594291462672,420.2704690574578,428.36149248162513,361.5051454691418,373.50478607993153,152.87135472741642,546.2164265161738
modelvit,do0,GEN class,rew0,4,51.8788135999057,346.2018160909745,406.9722604181881,430.8727236039744,444.1998681486213,368.7224077482121,389.1304268633908,136.91919872498397,594.9792283231089
modelvit,do0,GEN class,rew0,2,52.98666346655899,361.263042969596,379.6186317809081,403.8940996360298,410.4864779441145,322.71997690123425,335.205291519096,131.2044214967789,522.0206807038892
modelvit,do0,REN class avg,rew0,1,56.91135551137939,330.3614059596585,402.9170140119728,414.7572115149417,413.9429005065229,363.49029270242784,441.1073757110038,168.75690824061766,633.1030065369146
modelvit,do0,REN class avg,rew0,0,55.79764050350955,332.0409565296251,394.4843338280538,408.3386200165032,436.18810832200006,334.74219395266346,432.7662640041115,153.68044892250953,624.3583096876476
modelvit,do0,REN class avg,rew0,3,53.047300266155695,433.0215837083575,419.4110570106864,413.6301008450574,440.39481745436257,406.0120380608767,403.1032476685824,288.84281500172835,573.3760992735753
modelvit,do0,REN class avg,rew0,4,52.11420755582647,354.24405489937266,426.56623900057417,404.5090018135862,416.0553589200964,376.2654073216076,422.71433959294217,170.4854585327459,618.4782086910807
modelvit,do0,REN class avg,rew0,2,54.43481477614393,349.1096169594685,392.6247575481456,405.9481059349817,424.3277927613743,336.763235860028,376.88826346846304,153.12598925919144,551.58528105662
modelvit,do0,CTMmean class avg,rew0,1,56.38077741347773,380.9782505316709,358.9122884863055,377.33755162687225,357.2680047225473,326.66061767981904,305.5411523869966,129.08209708811523,441.3427719824454
modelvit,do0,CTMmean class avg,rew0,0,58.65158409319029,387.7470002425783,368.0344772053918,426.71524288231984,389.7396055397907,302.3561095153891,322.7218039836744,126.18150767735835,453.1466666195457
modelvit,do0,CTMmean class avg,rew0,3,48.71043626468656,355.4399551620169,346.24241651706046,333.60879730445345,317.1035065403643,325.6428081303674,294.1062836454136,133.53333110832165,440.79659311379953
modelvit,do0,CTMmean class avg,rew0,4,53.6602995035355,418.1786227780276,404.1983669602781,391.6213644377133,365.2776540987233,343.0666424679292,348.3705331606997,128.58782430483478,435.4189503904129
modelvit,do0,CTMmean class avg,rew0,2,55.55198895297227,357.23147397967256,369.43480385217583,406.3932230698481,358.7620595743044,310.13858634037314,374.1022817320249,131.11425091129385,452.8939804384411
modelvit,do0,PCE,rew0,1,58.04890240610873,334.3559762992012,374.06913943525245,440.1498348522279,429.0580245135717,345.85182467557684,390.99470765560096,125.69605905684568,581.9251237127378
modelvit,do0,PCE,rew0,0,57.62842688236001,353.76918920737063,373.5127370735804,424.1250903921886,427.4018016969343,303.0933390264414,343.1441758544794,114.69132487777064,543.4720780402308
modelvit,do0,PCE,rew0,3,51.17413969491072,340.5249239937144,372.32488683038366,418.6114442303268,421.9758457810088,344.8876529024786,337.9866050652945,123.93959515507908,532.1809297740787
modelvit,do0,PCE,rew0,4,53.3299697727265,338.5147299691552,406.3285707702984,441.98161445498897,450.5518745037765,360.04638299589243,369.0284858582606,124.34059742723976,569.0985752709355
modelvit,do0,PCE,rew0,2,53.22897214162647,358.582598385659,381.8847625483365,410.16480716896285,419.5223756606829,321.7860976458612,323.4205470699987,120.64696628048024,511.33397025608406
modelvit,do0,MSR class avg,rew0,1,59.92898926806026,309.6875673559459,394.18325128033854,430.822737547416,432.807657071724,353.0563296388021,445.2530726696792,136.26601335642914,631.5784035560216
modelvit,do0,MSR class avg,rew0,0,55.39072443489344,323.5981807237055,389.1657567370206,426.9411339194044,451.23243287780986,324.29861286909846,426.57463498558695,122.41067824192032,609.8457900027096
modelvit,do0,MSR class avg,rew0,3,52.074090564789145,319.4630141305437,398.8554287919466,435.99789069388106,463.3801934294658,370.61084774196416,425.5227201176456,138.89728848961406,589.1880456558997
modelvit,do0,MSR class avg,rew0,4,54.64851804126878,331.33888206714954,426.1219095059616,431.92935170673,444.5552392667878,373.0994776310124,434.5239637831351,137.19627221618674,619.2461246547655
modelvit,do0,MSR class avg,rew0,2,53.195345358063406,349.0549554599506,392.0461496210486,404.6107368234236,421.2176901019229,330.9602232904547,374.9713895270803,132.08140041775968,554.2904920957702
modelvit,do0,PE global,rew0,1,55.66593225430831,322.9281732899896,364.1574767336499,421.208479193586,417.3299949921268,334.0997621982308,390.67937019443553,122.54733703244736,588.6956300318911
modelvit,do0,PE global,rew0,0,58.51620773466353,352.5026841055964,374.4607613916608,433.0599608055265,436.1670239658779,302.1671740387554,340.991057664086,111.90489252268392,533.3852745182505
modelvit,do0,PE global,rew0,3,52.49268258796432,334.93765066919264,373.02946038597065,423.3520619582333,425.06423892731686,343.1788197537442,337.3510090220835,120.5357404099441,529.2256937168144
modelvit,do0,PE global,rew0,4,53.694612715760464,332.3728464528007,397.4018232431536,440.60126394216127,445.459469024145,355.1923242959161,364.0203584654607,122.82969269725456,566.3049511014859
modelvit,do0,PE global,rew0,2,55.64015308744274,357.37501891974097,381.2849653287746,423.1628114993401,431.545244336651,324.94632303718754,328.9136605152017,119.61569788361338,510.8477575468426
modelvit,do0,CTMmeanOC,rew0,1,58.701654531189256,352.16641075144673,338.3125328134587,397.30621526706136,375.2881967982257,282.3071321311401,331.1157086835664,113.4337035937644,454.3453951785872
modelvit,do0,CTMmeanOC,rew0,0,58.29730304005072,351.78495254216585,344.1703328200024,418.1278107630242,381.2201110982638,261.151908142064,351.57220435479485,111.0304847251189,463.6584182339859
modelvit,do0,CTMmeanOC,rew0,3,51.46442123037279,338.85438004870906,336.5135231353146,368.6017947654762,350.68693687392386,279.7991840867382,336.15219970007024,114.68185682314572,459.0207919396289
modelvit,do0,CTMmeanOC,rew0,4,53.83517155851362,377.4145009559421,376.6652208468107,402.5884894232655,376.738645351281,282.2530167971171,389.82699532404376,112.1026724225214,446.0979479609273
modelvit,do0,CTMmeanOC,rew0,2,55.586130093344345,334.95582794859973,344.32670664120815,408.7576509948009,369.111232129495,271.60947075509006,409.782694251996,114.86033106253844,466.12036554697295
modelvit,do0,MSR class,rew0,1,59.47129371243555,335.39846115453366,380.2077493292091,442.65827076526864,439.0307930501532,347.7193434040464,403.23549979087096,131.27725381510146,600.9025222091968
modelvit,do0,MSR class,rew0,0,57.44629227531662,358.28715087726823,378.54540584720377,435.4820302392354,442.3487519283949,312.4895781473186,359.61662801388127,117.1739030429216,551.0808206840586
modelvit,do0,MSR class,rew0,3,54.04804643734958,352.1915714366765,385.4014956302359,431.4384259369359,438.24734170689874,351.29690934632606,368.14103490730463,126.7080948172451,541.9059451008678
modelvit,do0,MSR class,rew0,4,53.54238170041264,338.062895242224,406.6257973718545,440.6968166652414,453.3343654575896,367.7549468179329,392.7087871813258,126.20580206156949,595.5284232032468
modelvit,do0,MSR class,rew0,2,53.54960446497828,358.63091953409884,378.77154209092816,409.28860477217023,416.602302890721,321.71205006929307,337.1466521017062,125.12377044975996,519.8766007513432
modelvit,do0,PCE class avg,rew0,1,60.56177115233509,309.17426632418073,394.29958148250654,432.1378340988671,434.0347827471932,352.91450608180696,445.6336609077852,134.714100352002,631.7446154218447
modelvit,do0,PCE class avg,rew0,0,55.884463603769504,322.9468588897675,389.07200357800986,427.7113587981207,452.0111556599907,323.5654933507248,426.67777804302136,120.93853267563183,609.6515737652738
modelvit,do0,PCE class avg,rew0,3,52.813735008889,319.0142120038898,399.2528748954642,437.4663480616848,464.7275956271933,370.8329601177579,425.86744909841656,137.84421675064382,589.538556829778
modelvit,do0,PCE class avg,rew0,4,55.197121806738245,330.770350603015,426.4976852795127,433.2855572546008,445.8187266944528,373.18792513167705,434.98645251718807,135.96061924754537,619.4460985031077
modelvit,do0,PCE class avg,rew0,2,53.745608174582365,348.52917218197604,391.99964919754535,405.6645166776681,422.25626836780015,330.59910041370665,375.5705509297413,130.37427940316326,553.6837647924792
modelvit,do0,PE class pred,rew0,1,59.89913948434361,331.3035753197309,377.301717858842,443.26632753357165,442.1669150333177,342.25084581734063,383.8279279695174,123.3020394775661,582.5486554217247
modelvit,do0,PE class pred,rew0,0,57.36295486038075,354.71798116646266,374.7973035220378,432.7268708222508,441.83352570573226,304.33762388366495,333.8259699219382,111.86866436133543,529.925458074752
modelvit,do0,PE class pred,rew0,3,54.11588663919247,336.0985291217897,375.24898773239926,429.6987964445156,436.0652889713724,337.6880285505873,341.3471388932269,120.0358818814888,528.2477357115828
modelvit,do0,PE class pred,rew0,4,54.1819314797109,333.9334749513169,401.0322952335327,448.3473925819065,458.9117420422285,355.0986255363151,369.974167226436,117.9685046871736,573.1055928624319
modelvit,do0,PE class pred,rew0,2,55.05108782010771,352.58230965254813,377.020894412228,419.3603935863018,432.83896652096087,323.0457679615881,324.08556368652035,119.18624988417666,511.1388629079251
modelvit,do0,PCE class,rew0,1,60.11846362253821,334.88886189077067,380.3157386437336,444.06445076953366,440.36793360974747,347.70500246230563,403.6250310132959,129.79405494190172,601.081163529994
modelvit,do0,PCE class,rew0,0,57.78645042571812,357.5193677246305,378.3150193927864,436.0701401740021,443.0161717579644,311.5805362161839,359.32390129209034,115.58712366429974,550.5264319083118
modelvit,do0,PCE class,rew0,3,54.60608280894051,351.7249075399188,385.55800658348994,432.70188643304704,439.4626763560462,351.22801222046485,368.1625244399626,125.3825384884085,541.9253598848316
modelvit,do0,PCE class,rew0,4,54.17465638184624,337.66260019693703,406.9957253019008,442.0905701660788,454.6867596911167,367.8980695329091,393.13667589807807,125.17927835090984,595.7018812331769
modelvit,do0,PCE class,rew0,2,54.17999663265969,358.14877207134646,378.76010113819626,410.2621636884875,417.5515633536654,321.4158017066647,337.72472017531646,123.58087952573608,519.1673416461746
modelvit,do0,PCA RecError class pred,rew0,1,65.31584552000052,351.07378787740294,297.0438642903044,389.8983991422961,347.4646892142322,237.9626436390454,425.11321546253214,96.68968028165828,546.3536820658132
modelvit,do0,PCA RecError class pred,rew0,0,53.67672159237443,349.7018924051873,301.7343564194635,354.55425642155654,316.436762954757,227.46776850126184,399.123281653297,98.5289442000312,493.4322159106621
modelvit,do0,PCA RecError class pred,rew0,3,54.589277807379126,348.0823015691754,308.2526428391449,375.977143891582,344.1791189540112,231.9091419801725,436.1991443656536,96.62253132784856,524.2843581200741
modelvit,do0,PCA RecError class pred,rew0,4,55.5769299498598,354.3265665751212,330.0603151057192,395.9851919478669,357.2219496230441,244.00969986270368,439.09451730791216,98.58499366299893,503.25043844281936
modelvit,do0,PCA RecError class pred,rew0,2,52.90965488572299,336.9286510018736,301.1982088187817,353.59779216054267,323.1449061376625,236.5958520138726,405.1968468822612,99.37746009264087,491.2302370731582
modelvit,do0,CTMmean,rew0,1,59.53442319374656,355.38576556476926,339.7959453442768,402.4705711092429,380.4978033610833,282.7520508415777,336.8483720304061,113.29311039107856,455.5892722538054
modelvit,do0,CTMmean,rew0,0,59.06090256175958,354.71032329226995,345.5224800321746,425.5292453195423,387.4461510009455,261.1640232354974,359.31987657452373,110.7885693288314,464.9415341493253
modelvit,do0,CTMmean,rew0,3,52.04414760190188,340.87274812116186,337.20598487918926,372.5455359380522,354.49299811646773,279.02117029359056,341.06630593059936,114.40834971058938,459.8715353504533
modelvit,do0,CTMmean,rew0,4,55.24338280786581,384.5938938914668,382.32138992557145,411.7342332876781,385.5234090814645,284.1414538071695,399.1351165546652,111.96563086783058,447.5704869861174
modelvit,do0,CTMmean,rew0,2,56.57224219552098,336.1398914323848,345.95044552593583,415.4257315697653,374.2818260251264,271.8322765657674,420.4993676882078,114.93100611638071,468.061880029328
modelvit,do0,PE,rew0,1,60.08589200765037,332.9280412703211,373.41234764908575,446.71813616419,436.58647274986606,345.1158978880826,392.479534370849,123.09739758894712,580.9454837672453
modelvit,do0,PE,rew0,0,58.7304791403697,351.7321560456276,371.78431578589175,427.7918973252896,432.05529871996447,298.90440795668104,341.2388005724416,111.9656160279672,538.9667796063994
modelvit,do0,PE,rew0,3,53.30621050938274,339.02959567930606,372.5316362512078,426.0234004975681,428.7522599005816,345.51131850009074,338.7155404442728,121.7195106670778,531.7781099335025
modelvit,do0,PE,rew0,4,55.36805713712685,337.15069692658744,407.5669729113547,450.5178741985619,459.0619220058152,359.6818035727516,371.5165851856066,121.97470877894608,568.8058520749208
modelvit,do0,PE,rew0,2,55.11246850819309,356.9416536981266,381.8683681216615,417.9881464601196,428.236746116085,320.8666987807725,326.252337435989,118.19529876357907,508.6861867046696
modelvit,do0,REN class,rew0,1,57.00397231631751,376.6859442762929,393.5396071039573,417.86825863849225,405.2774314219903,360.37242825535503,401.3009612541027,180.01776364786738,607.9538714303598
modelvit,do0,REN class,rew0,0,58.41215900804785,366.0782879499217,383.4488929167888,428.8114309574234,438.2121613952716,320.5530772307565,364.7386054770955,139.964197069096,556.3972600824369
modelvit,do0,REN class,rew0,3,62.18857256964279,486.16623973990096,420.3304244853055,404.8165266333482,410.86748088250096,411.3884453394505,352.0391815690789,346.32163223316326,536.5401008611217
modelvit,do0,REN class,rew0,4,51.533601516085376,360.0190628595493,409.1472136374761,416.2035956887448,431.4232315578273,370.503217462468,385.12617822896766,151.58632157600758,594.8833307174145
modelvit,do0,REN class,rew0,2,54.51169801598344,359.84184383314715,378.9840167029027,406.726327851517,416.3659489962128,322.3960535149816,337.48106769455643,130.62453787735055,520.0205437214422
modelvit,do0,GradNorm class pred,rew0,1,64.02376821063137,354.6242811976764,360.7491349716669,382.757006479441,362.3445714533049,332.43799857460124,267.0022379962529,114.23386027838228,483.2284626571469
modelvit,do0,GradNorm class pred,rew0,0,57.24857236463532,374.0821015161108,350.4031040518149,362.48059773628256,344.35621948737975,277.50610400290327,268.7186625604866,104.94929032907228,469.8431190894102
modelvit,do0,GradNorm class pred,rew0,3,56.17420002682103,376.7072702314031,356.4094546049145,404.2965595590128,378.17207882157896,301.60374516009733,254.6119064183692,108.8586869426966,462.52733172043065
modelvit,do0,GradNorm class pred,rew0,4,55.32559784149411,339.6070587675264,365.9381151886054,423.1218687780994,407.0610885007096,328.96240740258656,289.30908391136035,111.43030218477148,494.4066081053547
modelvit,do0,GradNorm class pred,rew0,2,54.714113394612255,373.6185295033303,344.237242631737,367.0740239126244,340.77748114160875,297.98055639186305,268.2916813203825,109.37893768771212,458.0596351274836
modelvit,do0,PE class avg,rew0,1,62.7175657992596,307.4801108715135,393.82443842292673,439.8666090416374,442.7977200780569,351.54732810344854,447.9221113877554,131.48180488776475,631.5011811573655
modelvit,do0,PE class avg,rew0,0,57.43074559821533,321.6661388902156,388.34858604303344,434.6913247960848,459.1160634265199,320.3457286248225,426.40890101605953,117.98181285212677,605.6990759682303
modelvit,do0,PE class avg,rew0,3,55.37047101011781,315.80030196414003,400.5949911720793,448.2211061475073,474.1906147352852,371.2338384998518,428.6543111325948,134.92143203128825,590.3977772487902
modelvit,do0,PE class avg,rew0,4,57.60146142639525,329.0795449235903,428.2837270359042,443.5495810287439,456.1105233549084,373.6463041732925,439.4656871938221,133.05397966333769,619.3255654583957
modelvit,do0,PE class avg,rew0,2,55.84016824681804,346.0565039665041,391.6251434604271,413.65231391216025,431.6896141473366,329.242640877691,379.06677537488144,127.01471124482892,549.5585999040377
modelvit,do0,PE class,rew0,1,62.156923375072296,333.2800373663846,380.2250256622452,451.5802364410474,449.13547365986375,347.4395571650791,405.4476945860959,127.19396503949062,601.1198870629698
modelvit,do0,PE class,rew0,0,58.91237570559427,355.7458480961569,376.8342114747398,440.7581358742793,448.3482716136685,308.0042021240829,357.0385133114014,112.95805984841084,545.6941788962778
modelvit,do0,PE class,rew0,3,56.34118472670357,349.1349935411172,385.4584271578759,440.38079644983486,446.3387341279124,350.0989217211123,368.6478993182637,122.75850333204806,541.7974674108092
modelvit,do0,PE class,rew0,4,56.45675007792306,335.72747596273626,408.2656245458431,452.0114508085976,463.9127608295972,368.46939866781617,396.3068455105792,122.96997770521368,595.626409066616
modelvit,do0,PE class,rew0,2,56.00115922425175,356.17923695574484,378.3843386691374,416.9553773563249,425.6141614301497,320.3533037776885,340.338664369055,120.80484067974292,515.6572628650904
modelvit,do0,fDBD global,rew0,1,54.61969293053979,364.5972867024986,378.375062747837,366.6338385379264,372.120194352237,348.7943834932397,432.8365609548126,130.307285337972,613.2100409830568
modelvit,do0,fDBD global,rew0,0,63.82484593227184,361.9223086826026,378.1641269327722,413.8682562368812,451.8420532105072,294.6403664149582,435.124304841265,111.98718903784156,640.0103499285437
modelvit,do0,fDBD global,rew0,3,57.37959708964738,365.9003316358487,384.5727890674282,440.0106520323814,452.7330122131988,350.5890576461109,355.11418295474834,116.19090099826948,548.590175553019
modelvit,do0,fDBD global,rew0,4,55.6308041284613,350.0950705158064,401.8124145681501,436.6514258230855,452.7339681939177,365.4720276610842,355.0702946102595,122.35140739256764,582.3112913175271
modelvit,do0,fDBD global,rew0,2,60.67665620075647,354.3366979160908,384.60738825967263,445.78058440950025,477.6806625271125,331.85852685393013,473.268082267023,119.2197588745999,604.2163935284688
modelvit,do0,GE global,rew0,1,59.47412863026749,318.04514212868594,362.1083834801562,439.43001885328255,441.2506713194636,331.744717968939,400.6073303530961,119.91864239587808,593.6152671722398
modelvit,do0,GE global,rew0,0,61.005250016924734,346.6799109266123,370.74012493898914,448.4915117805192,453.919494323802,295.5456963953208,339.54940433725767,109.26923590785532,525.1468807373734
modelvit,do0,GE global,rew0,3,56.12875751368567,329.34324135444655,374.41621323582007,446.3904059347484,446.0132834961484,346.3033053221732,343.5475034231013,118.30919889988886,531.8573861506194
modelvit,do0,GE global,rew0,4,57.70489963613307,327.91174742381486,399.4766012842171,466.7520224309322,472.0504296940596,354.3541178645829,374.7464065041882,119.70290255038287,567.3446239233432
modelvit,do0,GE global,rew0,2,58.72429408194596,348.5742833060908,380.4654487134379,450.1567774109572,461.7446004281781,324.78511821820103,337.9388950798524,117.02990089291116,507.2202862122104
modelvit,do0,KPCA RecError class pred,rew0,1,67.8870216695941,350.1592941752256,301.5847924966266,394.15180228496064,352.69533536771894,236.9097965132227,428.4543846828952,97.03862341010624,536.7099034195451
modelvit,do0,KPCA RecError class pred,rew0,0,55.09544691280238,351.9226703396824,301.85291319712155,350.5074358947135,311.438944173493,223.27208694737945,405.3178666213431,98.16351991882536,497.38162663490016
modelvit,do0,KPCA RecError class pred,rew0,3,56.95369776529753,354.6877562629143,309.1866495856644,377.1584769296092,345.4331352604564,229.25525156305855,440.97034273046256,96.16106583124152,533.3459476747262
modelvit,do0,KPCA RecError class pred,rew0,4,59.11972684933481,347.51717776721,334.6903220260825,406.9574669177647,366.364368547421,251.55478399679976,444.7558317378142,109.9772946929323,513.2364394808375
modelvit,do0,KPCA RecError class pred,rew0,2,54.8554453345479,344.30109573164384,302.20401488038993,353.65125536587493,320.2963991021378,234.191863351944,411.19233682710063,99.02994152904417,495.68601096607296
modelvit,do0,CTMmean class pred,rew0,1,60.54167125168113,356.49771349810254,358.18098141198914,407.0926057987383,390.5534747505164,310.24808599218045,328.75634063027456,129.0178117704875,451.5309510606784
modelvit,do0,CTMmean class pred,rew0,0,63.42093007907701,358.2069681056494,374.09613907680114,452.03715059414776,418.0197519743029,292.4256755491126,355.1329496237062,129.6551756250979,463.9486041880981
modelvit,do0,CTMmean class pred,rew0,3,54.74346678515968,340.7911444212972,356.7377438018641,375.4502065229059,361.9622380855933,319.0224303907882,329.9752588184259,137.35429329943435,454.3205052458992
modelvit,do0,CTMmean class pred,rew0,4,58.15903272027544,394.9557369913197,407.87251500884565,421.4220088977333,399.554667156116,321.1275235799378,393.949176903072,129.34861146763734,444.1525474479645
modelvit,do0,CTMmean class pred,rew0,2,59.815551663632505,337.6628021554817,371.3840676899264,435.0979514228089,394.71220612116855,299.6877384147222,422.01565690226647,131.57244022436865,467.8388761796208
modelvit,do0,CTMmean class,rew0,1,60.71055699766685,357.5550897074101,358.65578474726493,407.8232709121643,391.2111115502067,311.15065531543763,328.8331489237973,130.18382026959486,452.16110015637753
modelvit,do0,CTMmean class,rew0,0,63.84943777601271,358.9015032341841,374.945343123364,453.04532606159296,419.1592047570333,293.64431085215665,355.4109955064902,130.66506368286096,464.0594727873536
modelvit,do0,CTMmean class,rew0,3,55.13619516949313,342.1150258216992,357.35165299350604,375.58597180866616,362.3166626041336,320.3758686427804,329.7585592463288,139.17262761595964,454.1113842616469
modelvit,do0,CTMmean class,rew0,4,58.72324434597081,396.1923068193787,408.2519673029477,422.1543404876151,400.0301485426923,321.9856541344201,393.34590509442535,130.3257904584396,443.1287423609209
modelvit,do0,CTMmean class,rew0,2,60.20904123451776,338.1138970857631,371.9765393537484,435.146965660689,395.0951984710768,300.33864393072923,422.596780980744,132.5440162082107,468.3116410032147
modelvit,do0,GE,rew0,1,63.62262359654638,328.3899822282343,370.0791956694431,461.7662196477304,456.95077452564567,344.1473192883882,397.9189520721681,120.3847227813934,580.6333412805911
modelvit,do0,GE,rew0,0,61.00007416116848,345.19965228717257,367.5132091383524,440.76490442182165,447.4168397697035,292.16360562803953,338.84592457977817,109.21581501907316,530.1624330102321
modelvit,do0,GE,rew0,3,56.885309088359534,333.2203401777362,373.1762739182218,448.7005084874611,449.4155950499533,349.06944303351656,344.58615051831566,119.46147462769224,533.9525682648459
modelvit,do0,GE,rew0,4,59.56120890629021,333.59654415122304,410.7973562215233,477.48485683848327,485.9437243244047,359.2883606613444,382.7010052889987,119.29047638991514,569.8178079278961
modelvit,do0,GE,rew0,2,58.20859045496596,348.6562861302989,381.4098516598299,443.5308276439312,456.4852453706721,321.07702346087564,335.7650975157103,115.88573476100842,505.5498707048367
modelvit,do0,GE class pred,rew0,1,63.902155927297336,326.24469373078546,374.8880703144167,463.0021264856348,467.7724819706653,340.72779915742507,390.436828653241,119.72991237917364,582.2915962951483
modelvit,do0,GE class pred,rew0,0,60.07540403057087,348.40253033622344,371.8966516019721,452.1326206514757,463.07585584139525,299.4315517196021,332.1708830396396,108.9936899587853,520.5363329187679
modelvit,do0,GE class pred,rew0,3,58.52630955240994,330.947721359236,378.0477296453533,458.2129247974874,461.8362167780385,340.025590837879,349.8151375822886,117.0737734071173,532.9597711102067
modelvit,do0,GE class pred,rew0,4,59.15832783401129,330.1930687160726,404.9527317291892,479.64253069778215,489.96386259838056,356.1102789416858,383.9309679146603,115.32251789832404,573.5130727798635
modelvit,do0,GE class pred,rew0,2,58.669752453324,343.3716523208569,376.3845204687592,447.6247900251592,463.7630079373375,322.90176314241006,334.6132535158811,116.16546194918844,505.981746892611
modelvit,do0,NNGuide global,rew0,1,62.794608515793634,297.2031110445297,369.7042213980967,450.1910317678499,460.0222715101644,348.129573802675,410.7630844050779,124.73303833683946,564.9022725647543
modelvit,do0,NNGuide global,rew0,0,61.25492177886301,327.3654106363514,369.0282106998541,468.1091719660127,473.7090749589489,301.83405635982666,379.7047459982467,110.11379076192696,513.0812377213292
modelvit,do0,NNGuide global,rew0,3,58.77719765919699,312.63619562370394,358.0441316291737,448.5955730722047,440.4778029386762,317.9114620354691,370.0410805686109,113.69610346885374,497.983605737891
modelvit,do0,NNGuide global,rew0,4,61.85446294301074,313.3141379760972,414.9700768037362,508.88134686349696,498.7917752193173,376.8179863496962,433.7259874531648,122.63901333593404,536.1545660576759
modelvit,do0,NNGuide global,rew0,2,59.50086814335709,332.11688763756445,376.53648891530617,486.1896507579557,484.4322766296656,332.1117450128849,367.356291064771,117.38136849951826,496.0760323408889
modelvit,do0,KPCA RecError global,rew0,1,69.60510829463601,397.77260948366046,351.3315516299459,411.38756709454384,376.71843033635867,328.5090096654726,353.0878660923588,126.98015437161064,479.1310287279079
modelvit,do0,KPCA RecError global,rew0,0,58.73380280844195,371.57200901907646,356.02384203098586,334.35957871979315,319.45865010062994,322.84025452498616,245.509577558207,135.98306664107295,453.6493263524811
modelvit,do0,KPCA RecError global,rew0,3,59.79452531825071,383.4850526120461,368.103305811236,340.893580011605,317.39737917253973,303.47241201998554,283.22876919966194,145.30811390198613,456.67271629536174
modelvit,do0,KPCA RecError global,rew0,4,56.7427699203388,390.3485590336743,379.2743073263316,405.9420336890855,371.44973646459465,327.733042141046,285.31895748028205,133.1829082081117,441.2194603852034
modelvit,do0,KPCA RecError global,rew0,2,59.87965347115488,364.91636042652976,321.5537919400371,336.96161682157094,316.53492593604386,253.77503946787127,356.4671252669423,101.6473891875102,465.8618620410503
modelvit,do0,GE class,rew0,1,66.03195187652511,327.7838949586484,378.43405285906965,469.6439457817204,473.171275629373,347.4712669509989,411.2218327410917,124.892968831275,603.2889730822733
modelvit,do0,GE class,rew0,0,60.87608728956323,350.40403552356304,372.5205854629487,456.4096352686185,464.4991499345687,301.9471463548274,351.4632609780534,110.29582158324706,535.1857432132863
modelvit,do0,GE class,rew0,3,59.19302677070775,338.5595512725861,384.3915223412719,460.8687283059524,463.7622727878372,347.868938798404,372.154648885453,119.98516243524182,543.7444449772001
modelvit,do0,GE class,rew0,4,60.800753319636,329.2646318708542,409.82192531851626,479.6472233895128,489.07464023429225,369.4097067770748,406.5407529660771,120.44363807624578,595.3178901313412
modelvit,do0,GE class,rew0,2,58.72720719284888,348.75788613945923,376.86136912833615,438.0757152752694,451.073570100255,320.0236954746273,347.5366759268622,118.06854909018143,509.9635062064054
modelvit,do0,PCA RecError class,rew0,1,70.54624165572862,352.52027077100064,296.7415085675862,391.1573159393994,348.08530095161194,235.65697858714051,428.8409122118783,96.30168279592888,552.2007763501231
modelvit,do0,PCA RecError class,rew0,0,58.67957595475533,351.4290972813706,302.3379079999097,355.2410949851567,316.8803372472537,226.64533756792372,403.96478324111706,98.25377017514556,494.3240808922296
modelvit,do0,PCA RecError class,rew0,3,60.05310032076802,350.9039481224657,309.27280436722066,377.4535969278441,345.50789730318706,231.47903116380888,440.0227391787518,96.43663722530832,526.0939966038209
modelvit,do0,PCA RecError class,rew0,4,60.52085698882225,356.9091931942639,330.76100854244913,397.94959000080087,358.81260676555723,242.6458649833529,442.6068540560652,97.63243481448715,506.1800260917405
modelvit,do0,PCA RecError class,rew0,2,56.40208585333312,337.7639125834488,301.71585619790415,355.46331570514786,324.59748661392865,235.31315929713293,411.2078851387193,99.04094684441286,492.5826282165545
modelvit,do0,fDBD,rew0,1,65.9273512647129,367.9991128200946,378.09231992645454,445.6362158441008,437.86629540396615,335.00931913605024,468.6980015177523,118.10427663401128,622.446374540517
modelvit,do0,fDBD,rew0,0,63.88985011126631,359.7073845963517,365.8551631625711,399.9300558349765,435.3151498879883,279.1973476313782,434.7450723938424,108.79784464908452,646.6157982926387
modelvit,do0,fDBD,rew0,3,58.50994569184526,371.2909259898305,378.9458892461186,441.18245161349887,454.0312816764532,344.3684733321244,358.2116823274156,115.12180834958376,552.341925952221
modelvit,do0,fDBD,rew0,4,59.40632040536283,357.8591042638756,406.9085140822825,450.6684732353569,466.22326850698994,343.2091089772592,378.4120490820088,115.93495722709731,588.3413457385386
modelvit,do0,fDBD,rew0,2,60.13853305453757,354.1925152523896,379.938528850633,432.4498018525787,464.2936351352654,319.7939304485773,467.3945711531344,115.14764210508804,595.5010830601403
modelvit,do0,GE class avg,rew0,1,66.88891951487257,303.16964745862026,390.6508645851264,458.3805726966973,465.97242993332304,348.6801496537898,454.05031074853895,128.1909063600211,631.9189079244165
modelvit,do0,GE class avg,rew0,0,59.94121442654152,319.5347983393686,386.7449024480616,457.0700239838585,479.7792781444401,315.81538674665177,424.1171169191678,114.9906033288482,593.5956819204708
modelvit,do0,GE class avg,rew0,3,59.849645603356365,305.2656044495216,403.8467541973092,475.3936355541113,497.8443193366887,372.47365342509937,438.4340788238496,131.72971840620062,593.2078509875722
modelvit,do0,GE class avg,rew0,4,62.37962993781996,325.9215352839485,432.16420375269433,471.59853478022535,485.812986945808,375.50883056114645,454.4772048335294,129.5788842648337,619.5139190502945
modelvit,do0,GE class avg,rew0,2,59.053461075628334,336.857753123182,389.7718098969309,435.5874687821927,458.5147706873767,327.92301392279177,387.74167817589233,123.64089618774982,540.5207095890878
modelvit,do0,MLS global,rew0,1,63.04734859198037,309.1486584953145,362.6577523408455,450.9204105215557,458.1526506372691,324.4381634745807,408.1345913299632,120.4948948228107,610.4099076052364
modelvit,do0,MLS global,rew0,0,62.71541455838395,339.50980382463973,367.9375311449514,453.78695513719634,463.9315087352917,287.88091008610866,356.64446724901654,108.78237334580692,530.1833533885762
modelvit,do0,MLS global,rew0,3,58.56321557888385,332.1817465184148,369.9582234035778,458.7233022885555,462.1481097946374,340.9160718313904,362.3590168444778,116.53466705244796,534.167141145406
modelvit,do0,MLS global,rew0,4,63.17818587539548,322.68734438190137,409.86478879425823,499.501509093782,489.9916976043149,357.3395155944747,397.9290401228132,120.9337013232316,573.3290030574648
modelvit,do0,MLS global,rew0,2,60.962408308741246,359.68831493123366,382.9888881537255,483.916994998413,493.55245640923306,328.03396970000057,348.82277123507686,117.33471925008864,506.71726237207815
modelvit,do0,NNGuide,rew0,1,67.7570794944712,311.76864651068297,372.7333426452665,477.70281730866486,475.5519631581874,343.2550603851515,415.7822697374833,119.73051569410713,558.2616473765402
modelvit,do0,NNGuide,rew0,0,61.14400987613548,326.2639046604292,361.40226438960747,454.0671465592487,458.03130947643234,291.53519999777586,379.963806100334,108.40440589809587,513.9241012382578
modelvit,do0,NNGuide,rew0,3,59.37407435547077,315.0439982469217,353.59354453576634,446.4617927411172,438.1302507691796,313.36083059553346,368.27985002509126,112.39005217972476,494.9297432006259
modelvit,do0,NNGuide,rew0,4,63.19062628442995,320.873210720012,414.52104912805584,509.7521409708904,504.0269397759296,362.4096100698653,446.324783245736,118.2089277816205,538.0150138471118
modelvit,do0,NNGuide,rew0,2,59.18907496352264,332.7734034293393,373.68063628213696,476.6711004033602,476.09054957054303,327.05504807394465,366.0640718171253,115.62840352958791,494.6212049967076
modelvit,do0,NNGuide class pred,rew0,1,67.78938262970209,309.7576134268344,382.0167811767838,481.8448870677348,490.615550452145,353.08916225482443,412.4149145032196,125.18774740259865,559.974194045787
modelvit,do0,NNGuide class pred,rew0,0,61.586301762939776,327.3681183905801,374.34289846560256,476.0021173279586,485.1030632127996,312.62841677392777,375.5454948411274,111.95729857456595,512.8963302487958
modelvit,do0,NNGuide class pred,rew0,3,60.36720049505955,321.88797605002503,385.9646635261456,465.7882109847774,476.71579567597297,355.2232001489865,397.0193921854106,121.0781697322263,528.5422000101695
modelvit,do0,NNGuide class pred,rew0,4,63.278583750730974,318.18575990373205,420.3130742292222,517.4876548231897,513.9425387290037,379.1111344372157,445.777488154021,121.58184543328264,542.7439076158616
modelvit,do0,NNGuide class pred,rew0,2,59.626646698654014,327.7922220980966,379.7841523304108,485.1749203395388,490.54337023649873,338.9466094101442,362.35168328394366,119.0277160040208,493.5061747306793
modelvit,do0,fDBD class avg,rew0,1,66.82267793588557,393.8800650580642,408.26549881702766,432.75210805149646,424.0790830173651,387.0798379408022,409.4842750344229,133.45511005009553,591.3636366962662
modelvit,do0,fDBD class avg,rew0,0,65.98160224030904,383.1507397371054,386.0344553572036,370.78953352833935,415.5912286496228,328.6739203724937,366.75285763774434,119.97344695488466,608.9754522143694
modelvit,do0,fDBD class avg,rew0,3,61.09697176000247,404.0019822035327,409.1706527113464,403.5450786226313,419.2788288013472,384.44592127381696,311.0887717026243,126.3505792807602,516.2635859760777
modelvit,do0,fDBD class avg,rew0,4,57.60201480230674,359.6680249420692,402.3069505342905,423.1415518977393,429.5330757552872,395.59986481051936,319.1102233051976,125.86599817753128,579.8593569675536
modelvit,do0,fDBD class avg,rew0,2,61.502337541359545,361.7457746166297,385.5401876195785,396.4612881601826,430.74625034555527,367.8688523709493,416.0657493008109,131.69597644159063,583.3416187020704
modelvit,do0,MLS class pred,rew0,1,67.5462152160001,318.4179615377229,377.09462523797407,476.7471360218085,486.0879182493529,335.50918175216924,391.5473377283976,122.0720972742472,597.4450142470652
modelvit,do0,MLS class pred,rew0,0,61.51448948470016,341.03748488163006,369.2432448922421,457.67189312668165,471.5901467057626,294.0552992989353,347.9417521282021,108.79640655331148,525.5901610004274
modelvit,do0,MLS class pred,rew0,3,60.22106274289679,336.49893416466654,376.0858394910233,466.3668779361991,475.02522009545714,338.26366216024746,368.22121031671753,116.0216668189816,535.7806327227069
modelvit,do0,MLS class pred,rew0,4,63.91910890279596,326.4630709866849,413.2072528473406,506.854705431103,502.9741352341026,359.7119267112904,404.111024255229,117.32778763716348,580.2488093594959
modelvit,do0,MLS class pred,rew0,2,60.33554955461742,353.2752087170809,378.59848010529294,475.3053217355327,488.7406478582974,324.6791733354058,344.6595591705688,115.79258225402256,503.5582016337815
modelvit,do0,MLS class,rew0,1,67.71499413731642,318.45330617587564,377.2513297830142,476.91989402967073,486.3355616929587,335.68663371545085,391.5350023572532,122.40040466010134,597.4890216439769
modelvit,do0,MLS class,rew0,0,61.65661792888736,341.07002439448223,369.3512408606041,457.79623314340273,471.7453911547154,294.06285111866305,347.90618892105607,108.79595084409262,525.5530205814866
modelvit,do0,MLS class,rew0,3,60.42883420693285,336.60407297256893,376.1645137269904,466.5685474579778,475.3108577317465,338.3202170531023,368.2081314643189,115.93277315946328,535.7152244241327
modelvit,do0,MLS class,rew0,4,64.17578617273158,326.62857861777866,413.4568756666574,507.31997409795446,503.4075515545707,359.8523594501237,404.2214233211979,117.47165583380917,580.3529581041915
modelvit,do0,MLS class,rew0,2,60.56937307902935,353.3818105069945,378.7912139331162,475.654733099744,489.01879677279845,324.85146150644744,344.7192836660426,115.86188783582205,503.5353573857548
modelvit,do0,MLS,rew0,1,67.94624072410024,320.050518710908,372.1564506428202,474.4255154741156,473.0247306943388,338.664387667864,399.1294902153351,122.06992779277262,595.2972413337161
modelvit,do0,MLS,rew0,0,62.75075068214882,338.17206160980714,363.1493267601963,439.8473555246576,451.09803905021977,283.0945284330515,355.89766375182205,108.8421464406535,533.7390711822039
modelvit,do0,MLS,rew0,3,59.37691556321135,336.2594655106401,368.5233990007198,457.0049815655028,462.1000221168338,343.41809306122786,363.77162325676153,117.67608517154896,535.4753007451002
modelvit,do0,MLS,rew0,4,65.10731647733617,329.69092796838896,420.895186506537,508.89029157375234,504.4605411071768,362.21530271316107,407.2120910274798,121.30111233858509,576.9313086979175
modelvit,do0,MLS,rew0,2,60.488037709460166,359.39794663748137,383.7790883867211,475.26099122244943,485.37580610109217,327.6246723899087,346.36067427129365,117.23473844475168,504.0402392029243
modelvit,do0,CTM global,rew0,1,63.05756565174446,323.756994380393,382.2252569676525,407.0513916906508,443.6523933887305,345.67068826597466,553.946602909286,139.48225332343284,774.1231470995151
modelvit,do0,CTM global,rew0,0,68.13673340433385,352.6690204602233,383.9475518048392,423.7942317685538,472.4079821272013,293.8767639126233,496.23781205130587,113.34372763789416,742.4677361576184
modelvit,do0,CTM global,rew0,3,61.802200849365015,366.5481823931217,386.4374495895728,480.9531608645809,496.3065464007853,366.5648166543968,465.629575598566,120.403823163548,691.5440101587209
modelvit,do0,CTM global,rew0,4,64.04403559639692,319.19018320199706,411.6295070906578,459.45843719603295,475.1753139599662,379.8181960034824,411.3042669047968,131.08833799019104,676.913280682162
modelvit,do0,CTM global,rew0,2,62.86912381096045,387.9494544029869,386.5491999079305,450.9731229177139,482.6516402149999,332.2521830163576,462.33099633120014,121.95928691886822,664.1946297414909
modelvit,do0,Energy global,rew0,1,66.44267441381369,309.8880284443152,364.93109870172754,458.0404471816249,464.6562661198531,324.7942044437113,411.6062279153254,120.95368403065213,613.2621075582704
modelvit,do0,Energy global,rew0,0,65.17925227099533,340.3920552896628,368.7041176373787,458.1008629120317,468.4669017528856,285.46937585859143,359.3166118585909,107.65999876209185,529.5276734242386
modelvit,do0,Energy global,rew0,3,61.60259426725904,334.2941149677076,371.4904546715472,465.7578136244898,468.4574484933871,341.97240947755023,366.77658288392826,116.05408312977212,536.9559207140534
modelvit,do0,Energy global,rew0,4,66.23967008352898,323.151014383584,412.96318650016894,508.4874848499311,497.7743697382831,358.6282312991759,403.5387542888144,121.0904633997502,575.8012545790575
modelvit,do0,Energy global,rew0,2,63.84671389864077,362.42851678703096,384.9682854900369,492.0507675958914,501.29278691895786,329.1900917816109,353.1186134318916,117.47197382147236,507.0983649065536
modelvit,do0,Energy class pred,rew0,1,70.46991793691771,319.11478704067736,379.1103789731488,483.7459126310982,492.3930391076075,335.9723450099205,394.2232757574285,122.43011019608984,599.4702333978315
modelvit,do0,Energy class pred,rew0,0,63.32421816072803,340.9907185977431,369.5773616419475,461.5629667157215,475.5096965034006,292.3515618376296,350.1663117220319,107.67715947782958,524.5119544279876
modelvit,do0,Energy class pred,rew0,3,62.44307311226013,337.85172008981243,377.40895164559765,472.8748058010384,480.8193106536803,339.0367028179735,372.68679351184073,114.99038322888144,538.1849287775507
modelvit,do0,Energy class pred,rew0,4,66.60341033305696,327.0912553140902,415.9650199782131,515.3044202555675,510.3005221418175,361.381980584093,410.01820701394223,118.18516995435576,582.1267818494056
modelvit,do0,Energy class pred,rew0,2,62.71798413467388,355.37612481758936,380.1340165259313,482.2885819297714,495.361593670703,325.5480070640011,348.8263608635867,115.3686619006922,503.0586471270766
modelvit,do0,fDBD class pred,rew0,1,69.24609879739224,366.04554084066194,402.91853435547176,463.4423381122628,469.7677655665846,359.752954682173,481.38957721936345,131.6448923399868,658.7171967677906
modelvit,do0,fDBD class pred,rew0,0,67.8711152167391,368.3731313479268,393.7998135226769,432.3586056457485,474.36448686897774,311.55993550053427,455.24143679313227,118.59767126028508,677.8875172027205
modelvit,do0,fDBD class pred,rew0,3,63.40629943086801,374.1458265612145,409.8260931439039,464.8859162952928,484.78325519347055,376.5117798106554,386.4084236638297,127.20754151403528,563.0330901764856
modelvit,do0,fDBD class pred,rew0,4,62.05427140257178,348.8543332231746,422.0541523977716,469.2943619441151,488.1323598387608,386.5943990041706,401.2573623285154,125.0702563171473,627.8982315709216
modelvit,do0,fDBD class pred,rew0,2,63.9399479128098,354.18253208575754,393.6781957765547,446.176846504864,482.9086836720474,342.4159694067533,500.1308675239582,129.54157350462577,633.071954681491
modelvit,do0,NNGuide class avg,rew0,1,70.59767185051057,290.5338775988149,389.80956335329273,478.1728633606827,492.1990831459265,357.80284865674963,447.3735032451111,130.49496225902308,581.6371523730354
modelvit,do0,NNGuide class avg,rew0,0,62.52862188241964,306.0126563755426,382.3845008983046,486.6923872960956,503.146209993362,323.9564418603576,441.889789641492,114.67258145049884,547.2495115343517
modelvit,do0,NNGuide class avg,rew0,3,62.84167790519019,296.4342758319734,387.2879762449821,488.7079421822366,500.8111605657781,350.2921394614987,426.2890647708438,122.81368725182472,519.0863181670103
modelvit,do0,NNGuide class avg,rew0,4,69.7765715469051,330.1171416878752,446.2619461017896,576.2364319804425,564.781978969066,395.1627101244374,512.9810724264651,124.8425655490902,524.408557264202
modelvit,do0,NNGuide class avg,rew0,2,60.97482476871497,326.34785640997205,390.19726611335534,483.7975694260893,497.5010637488216,344.3639868533578,394.441288689579,122.98023022944794,505.7549965722944
modelvit,do0,Energy class,rew0,1,70.38910634084739,319.1730045051659,379.2399686680192,483.30280762336486,492.2753952704607,335.6054941237889,392.08172950686,121.23168740348692,598.3810506078025
modelvit,do0,Energy class,rew0,0,63.48679019391196,341.86494335367763,369.9799216811355,461.4642913629816,475.7906622183475,291.8150934510776,347.73208257012914,107.00671693161242,522.8916714715618
modelvit,do0,Energy class,rew0,3,62.87981132592764,338.28227322445633,377.2167084929664,473.4933928903936,481.5335517861088,338.2970688318102,369.4983976923669,113.75977713155368,536.6773030064026
modelvit,do0,Energy class,rew0,4,66.95352975351852,328.50674414615946,416.5328327504625,516.1072802205883,511.2216852826956,360.9549073940851,407.9284777320587,116.90887414758052,581.5559954827769
modelvit,do0,Energy class,rew0,2,63.14697652873852,355.4543140587249,380.3690139161477,482.4427798352,495.72071810922137,326.0050451876048,346.9551730692665,114.93290634545023,502.3840820223256
modelvit,do0,KPCA RecError class,rew0,1,75.82329000568,353.29108880860747,302.3347104579582,396.43105351347214,354.34111253121546,233.2155818528125,439.7001957480015,96.31983347356842,555.2147917620146
modelvit,do0,KPCA RecError class,rew0,0,61.633952399570255,354.11162405306817,302.1696377537806,352.0283541985326,312.07571344457835,220.481141119404,415.6415002167123,97.19894617220282,502.06707980833767
modelvit,do0,KPCA RecError class,rew0,3,64.12111330019587,360.8593545758839,311.14769735023333,379.248769017496,347.7193300199713,227.77321670085308,448.24288207702887,95.61714955519464,538.6190638072064
modelvit,do0,KPCA RecError class,rew0,4,66.13046158602137,354.4931711676793,336.72491914834313,409.733541628466,368.6313371522968,244.9481353374333,452.73815018134655,97.9461289998625,522.0264981142655
modelvit,do0,KPCA RecError class,rew0,2,59.50411047651591,346.88159749622145,302.2333434710944,356.6538789450394,322.7143286231763,231.0859890011537,423.6672830721144,98.06139438064604,501.43857379051616
modelvit,do0,GradNorm,rew0,1,68.99623308702407,351.3837849069552,417.6283102686002,407.6874133737663,393.65978638536245,430.1285528022285,257.4307686049236,133.29677391117716,482.4793618324156
modelvit,do0,GradNorm,rew0,0,69.39262010300388,384.46426242533664,422.9224279843705,397.2038394713073,387.20379211584685,356.9456816012273,263.2170209772887,115.13441979824913,480.39286999404
modelvit,do0,GradNorm,rew0,3,62.59412240507888,373.0676140724754,394.99906297094833,440.5249355657153,412.6720564505852,406.4553853342697,246.29506216371465,128.69353130066077,469.2662980557877
modelvit,do0,GradNorm,rew0,4,64.05530796363915,336.7412178267535,416.6468262920261,458.6076676278387,454.8237995526634,443.60653749057,280.85045883462016,132.7005245975922,493.7415386784445
modelvit,do0,GradNorm,rew0,2,62.43249012221125,381.5872803176068,396.85148097068463,398.4827434429368,374.08309490334784,368.951816484492,263.79497564957984,122.37572223633909,461.0596289127436
modelvit,do0,Energy,rew0,1,71.29078852406775,321.2056227770548,374.322762526462,481.11546104747424,479.024869810156,339.2896391401446,401.73294282001183,123.31729037686694,597.8383390880559
modelvit,do0,Energy,rew0,0,64.90775079669011,338.599472593533,363.2267835673479,442.975358611079,454.6112844028899,279.9242423638369,357.8973263538302,107.2896796059616,532.376563033197
modelvit,do0,Energy,rew0,3,62.30456084277158,338.056761849479,369.7875082640922,463.36870332568486,467.9177210640214,344.3835177719055,368.1236396992681,117.1093725395668,537.9538323880431
modelvit,do0,Energy,rew0,4,68.20881970701382,330.67779684777344,424.0996630942684,517.6027791479376,512.3859003904151,363.568653681828,413.0193722189137,121.75134023580026,579.4665997312587
modelvit,do0,Energy,rew0,2,63.38130619071308,362.3334269811903,385.8165806671224,482.9670666717393,492.65722470674064,329.2923406248944,350.6887817316272,118.13411475370002,504.3234835018564
modelvit,do0,CTM,rew0,1,70.7676431618613,337.7008060009807,381.9108460486028,456.65248331444985,469.3723274505036,339.3078698787694,551.8278342886966,125.67382250714876,761.2142512936518
modelvit,do0,CTM,rew0,0,67.83668823853638,350.6454961435559,370.8771050397663,405.8518862721731,452.4280096755594,278.6902161813082,494.2222022121957,110.35190074323496,742.0303082461384
modelvit,do0,CTM,rew0,3,62.76784205446556,371.7313882840831,380.72116288107617,476.5163857786012,492.1918778411268,360.7158237117284,466.5381036391307,119.27568543843294,687.1106050429852
modelvit,do0,CTM,rew0,4,67.01748329270721,330.28076882949,416.9041461953858,469.7255444658773,483.43005611754415,361.9554676735104,436.8279737502446,123.89923262011472,678.8488985716684
modelvit,do0,CTM,rew0,2,62.312040522228926,385.8804012302465,383.35027450418914,438.4929509049689,469.3239276756925,326.1816299173736,454.7777146448095,119.66644926858844,647.444902836697
modelvit,do0,MLS class avg,rew0,1,73.47226585723826,294.53114749205594,391.8819066716663,481.6699907186842,494.4440617689607,339.1216776375277,460.5101613699512,129.2785492866205,651.7211850689074
modelvit,do0,MLS class avg,rew0,0,63.97915492329048,311.09719865019514,384.0077333650796,477.9130272538729,501.5431870838145,307.8102617050838,448.6026959266114,113.61872687251318,601.3637648246973
modelvit,do0,MLS class avg,rew0,3,66.26402277142354,306.2721990785729,406.4988758821124,516.6197902411391,535.864438118152,372.4536485045055,468.2864986398016,128.4277131499993,607.9665230525545
modelvit,do0,MLS class avg,rew0,4,72.27335444044841,322.75851477914995,445.8711239190503,534.1407321585125,527.853516154404,383.41894100414567,491.4381360017854,130.87248103341832,622.6386060370909
modelvit,do0,MLS class avg,rew0,2,63.02201854997502,340.66054627726726,392.5916076357488,478.8613848183456,502.8089227573593,329.76632192650925,402.6815769722075,121.66275390740287,535.0955012135597
modelvit,do0,NeCo,rew0,1,73.97966134671991,323.669615770324,372.6480445982837,496.4287575589664,487.998329637296,325.1731059098163,439.62053385655486,118.37827180922515,627.8492109964011
modelvit,do0,NeCo,rew0,0,66.8889988693543,344.3884864283518,361.1701909668359,451.4135132104388,451.6620371682338,272.1040953427206,385.9693375851032,106.6790838213327,553.0977056798364
modelvit,do0,NeCo,rew0,3,65.06154514957765,338.3793710350033,369.6217031475562,474.12271078512896,472.3829725818985,324.0936582842219,402.6378049406775,114.39104040763362,563.9335751363227
modelvit,do0,NeCo,rew0,4,71.30716650905715,333.6797249986,417.9725550268815,519.7542346555215,510.1156947981365,341.3026392935311,444.4128497201797,117.8676990842452,590.3544824302311
modelvit,do0,NeCo,rew0,2,64.11661704005382,356.936044049097,377.1921898674831,477.403840964229,481.6629024520716,307.4282474115354,375.3472921500897,112.64761366621288,519.920286755286
modelvit,do0,CTM class avg,rew0,1,74.09064589972752,308.02891398522746,414.5172293727146,444.158332077079,488.476107572396,370.282434823892,591.261360520584,149.90486222747157,800.6101574194969
modelvit,do0,CTM class avg,rew0,0,69.05081548674319,322.89587738295324,398.36857029811887,417.3962299759792,490.5124958649385,334.7989726824311,540.0224839728282,123.9113275427667,795.9574453999368
modelvit,do0,CTM class avg,rew0,3,69.98601719172886,356.5304459240434,429.968619524371,518.9953132891151,554.1433984674417,443.9548601835945,527.2486737423669,149.0303056925839,753.2597833929245
modelvit,do0,CTM class avg,rew0,4,69.20146351346584,318.1773427495245,438.39985161449385,461.63774988034106,493.3182262111724,413.6612738239733,451.0341033536499,147.3584993393395,710.6976568097543
modelvit,do0,CTM class avg,rew0,2,63.52892778375044,369.95923880126986,394.1013827398515,425.9500796388804,486.5208726429129,354.7876955778968,493.3590687884952,135.90830366550438,730.7567726102817
modelvit,do0,GradNorm global,rew0,1,85.27031785324931,354.1199075027856,402.0432694030221,454.1251978257616,433.896751593181,337.59352508090825,358.93690161631804,120.89184495552756,572.1306537456873
modelvit,do0,GradNorm global,rew0,0,68.33584338954935,384.3369697330324,373.9242186187018,363.298423472294,349.0803129097213,290.73494819551667,266.88952644925,106.87107387700826,477.5176518273649
modelvit,do0,GradNorm global,rew0,3,62.61638841841396,374.067899351808,375.143501198964,418.6732774924286,392.2311542285692,357.659034836724,247.03858199109624,118.28308298455636,466.1488127764412
modelvit,do0,GradNorm global,rew0,4,68.56698563523912,347.84920966090147,396.5168314162739,427.4599678458866,414.3862563410641,334.2678113674452,300.2506526903663,117.31351884350865,500.7866651119605
modelvit,do0,GradNorm global,rew0,2,62.62656662604198,377.1736002799096,371.4755050101812,384.5624060193281,361.03093319280174,331.84722256248904,265.6624689317083,116.30664512969996,462.3676257083004
modelvit,do0,CTM class pred,rew0,1,73.13964077670019,336.99250525887606,405.208064379659,468.7908998921093,499.7491417808613,355.156870347627,553.7144464738972,138.35202356791578,789.1004103203443
modelvit,do0,CTM class pred,rew0,0,73.0366133728575,358.54604034907965,400.73068621189736,436.1891734677576,493.5525207943435,311.2539264327702,500.1440372822359,119.1898585482768,771.2225775797667
modelvit,do0,CTM class pred,rew0,3,69.0685266042755,375.7723309136673,408.7925431580949,498.1510483274968,524.8187476018257,389.9801069902276,488.4514511793666,132.30065211959544,720.2983417438334
modelvit,do0,CTM class pred,rew0,4,70.41718233723748,329.806676648112,425.2220007032275,469.07614609547807,491.62568757468506,386.5522462395064,430.146747234232,132.006007447649,708.6280950964456
modelvit,do0,CTM class pred,rew0,2,66.45340830186167,385.1011461972592,395.3505605863093,450.7693390926997,492.0409930867922,342.5306801159557,470.5928214863678,130.92598824825694,709.4929593606851
modelvit,do0,CTM class,rew0,1,73.32058755130184,337.04782852987256,405.40425599562127,468.9146085241529,499.98203630527786,355.37904319787896,553.7132276900425,139.11716570822128,789.2979821667833
modelvit,do0,CTM class,rew0,0,73.1612412466963,358.51289906023385,400.8903072142199,436.2657162454969,493.7310212324105,311.16076882532417,500.05137235825134,119.24362141197876,771.327590248303
modelvit,do0,CTM class,rew0,3,69.26547899712415,375.7371469812526,408.9026194176458,498.3053492930544,525.0757409596634,390.02928001008456,488.34251879629454,132.29479691805736,720.4795608288155
modelvit,do0,CTM class,rew0,4,70.70934310580085,330.0700644802181,425.6010341554685,469.49211241929305,492.11707750486585,386.8028803201422,430.20679371722304,132.3264333485572,708.9221898498149
modelvit,do0,CTM class,rew0,2,66.73976341916176,385.2167556039548,395.63491628631255,451.02930925994434,492.3416838621084,342.75407573454544,470.7052430506682,131.3749717635703,709.7592721861943
modelvit,do0,Energy class avg,rew0,1,77.54959517432816,295.42385592491576,394.9536219114653,490.6451266567017,502.1809457214015,339.7028567258214,464.3405609995205,129.8706528147177,655.1795315687599
modelvit,do0,Energy class avg,rew0,0,67.42417756868795,312.17926104303746,385.87177169931306,485.8140403379003,508.5645641029215,306.7129894199383,453.36353707863015,112.3485283524208,602.0570400620678
modelvit,do0,Energy class avg,rew0,3,70.77675780564627,308.0267383188739,409.8231301955878,528.969727233684,545.9369181602981,374.5968623993103,474.8871001264825,127.80387527469829,613.2525444691269
modelvit,do0,Energy class avg,rew0,4,76.55393286252198,323.9108122453561,450.66975355481935,548.2714120000744,539.9812812782325,386.6157640974441,500.29421280317865,131.4972932300295,625.8419698900389
modelvit,do0,Energy class avg,rew0,2,66.55334971510457,343.0395328983036,395.0738578138272,488.7336186645573,512.0700312589618,330.9147255519184,408.11804649706,120.94055413850958,534.6799294628031
modelvit,do0,ViM,rew0,1,92.071888258618,353.86219054264467,288.22105253222907,409.68725691104805,378.6207495370178,223.2462329812844,580.2591372820572,93.4574029346125,726.6323682531411
modelvit,do0,ViM,rew0,0,72.42230814127161,360.5373425063137,286.7232048311223,324.01475012765223,317.1249822959455,205.8797709968017,502.24766026706345,94.71008907037964,652.1176411972264
modelvit,do0,ViM,rew0,3,81.47964284495595,371.585939948544,307.86804941031954,398.3896931282536,387.855999914242,216.42857235686444,548.2878115530531,92.0917418564513,664.8113981487979
modelvit,do0,ViM,rew0,4,87.63502318438931,367.3714414659487,339.0089492624601,422.2810174717771,401.1081012765952,235.2335961529913,550.4371112194566,93.95695348864687,663.7244667172705
modelvit,do0,ViM,rew0,2,68.61135761660988,352.82946262736965,295.61513041358234,364.7862573591091,360.5310403456352,221.33018608425417,508.1978204199056,94.39136088310032,631.0476312482282
modelvit,do0,GradNorm class avg,rew0,1,91.39380371269698,313.0864070711351,393.783471855079,459.9861665195358,441.144934459653,297.5122091882528,446.7708864433218,120.56761350331205,600.9252031966054
modelvit,do0,GradNorm class avg,rew0,0,78.17604836063065,323.2585324365401,392.1382010436538,507.5203948591672,518.7417435006241,283.8082326569481,560.8311323923898,111.38338867815366,622.1487934093151
modelvit,do0,GradNorm class avg,rew0,3,81.96575189063039,339.1786574713883,394.1403091107185,581.7924801339493,568.9644589286838,310.2374693042044,447.82254819278046,118.7146203514408,526.5538076060642
modelvit,do0,GradNorm class avg,rew0,4,93.80681752119786,337.5101651008604,452.5464736336273,533.0220820192885,546.4401741707401,348.2136944002756,616.9100551597852,127.19871598268767,669.3974089247708
modelvit,do0,GradNorm class avg,rew0,2,73.9097712451789,333.96408095585554,370.706093585948,501.98952163325305,472.6676095514503,284.71688392978785,528.9432286429221,115.50354193954948,531.904946803959
modelvit,do0,Maha global,rew0,1,51.57188152173498,361.4204133928599,359.6282001000589,327.8077479227137,337.48430600319926,336.42289431662755,433.00222534670553,139.88167577528603,509.3100278201434
modelvit,do0,Maha global,rew0,0,91.8802186591515,378.6448061380085,398.13550473507934,498.98070176994855,473.1877561622505,251.4443402074689,696.1518319669696,110.92334453150798,804.5648022304033
modelvit,do0,Maha global,rew0,3,99.85164602036372,388.8750547111203,385.8624719870362,477.212110554374,462.7360524673957,237.56665495913464,716.6780687799862,100.07228389738523,827.0051170737556
modelvit,do0,Maha global,rew0,4,92.87887980480892,376.0785013890049,456.9556180891551,517.2000873108656,503.1804775929146,341.7136009564703,667.5033889648546,133.43170685275143,665.9756028287072
modelvit,do0,Maha global,rew0,2,86.67054857024387,348.8144554283663,364.9908130151828,447.972780371043,432.824116872138,242.7233888993605,719.833106755852,103.41190558820792,824.0620167159702
modelvit,do0,pNML global,rew0,1,85.50785406855329,350.63256609043304,375.34710548552977,440.9734295408895,437.470612123573,317.3184270938929,481.719103058677,118.35980256230816,530.8574193519491
modelvit,do0,pNML global,rew0,0,90.31931647298804,376.3281133840773,394.1958435855928,525.6266627389963,477.4074108137369,257.272937236473,590.9064798308581,108.5533584398298,614.6819260955647
modelvit,do0,pNML global,rew0,3,100.87739121813613,390.952549613756,353.0680048245942,457.4671257145477,419.3402960543413,214.8840370851613,602.7276286797633,95.2251762824558,643.4592660462016
modelvit,do0,pNML global,rew0,4,100.79803610148912,377.3933048747046,464.75558306777,563.1089328814883,524.6839845416955,322.35671917236823,657.3068702155463,122.2302595962141,587.1956167423496
modelvit,do0,pNML global,rew0,2,86.25778581266506,341.8079034828248,375.7443171011615,490.3998602338476,458.8287429268853,251.41755200849212,608.5235921209362,103.5245328545853,597.539307358698
modelvit,do0,PCA RecError global,rew0,1,106.69590794302236,367.6316843831453,390.9690037762642,562.5774432488296,514.5773325094044,282.20646822024173,566.8614623693097,107.69467044481704,665.8634771755737
modelvit,do0,PCA RecError global,rew0,0,84.91407344740135,372.5693725616943,291.46918204630066,350.77200971068726,309.2391110805244,202.9732976025704,493.0120811896224,94.81641214465051,544.2426429764805
modelvit,do0,PCA RecError global,rew0,3,100.31052196702846,381.66423035638655,288.7397135537824,383.2907341039863,348.87883776175295,195.2844844211,539.0842557589111,90.89575053826049,587.1621513718881
modelvit,do0,PCA RecError global,rew0,4,100.9794674280028,394.7978814554161,387.8414241977449,480.003738961106,434.87720696764944,229.24357877988243,588.0789535723933,96.2218854478776,617.2392143288386
modelvit,do0,PCA RecError global,rew0,2,80.41538446239429,351.25190831776865,262.6931738340228,314.4943097027861,287.1663862051918,199.9729010088084,494.0610920811235,93.3748147207952,560.7879469679829
modelvit,do0,pNML,rew0,1,112.46440375008834,386.9335340046771,281.9159306006601,421.2519583384818,368.5322378050386,203.28724311013127,579.5211935189959,92.44321745045836,693.9240880874038
modelvit,do0,pNML,rew0,0,85.88320098210646,373.71356350244673,277.32119241710086,322.1187905934092,285.88725666886603,198.37719184622355,517.1761959075718,94.230186086787,569.3299199598436
modelvit,do0,pNML,rew0,3,102.11076023451125,388.8102641950647,316.0717094418688,414.69006190168943,379.0721996416143,201.7075882587035,591.3476420168445,92.01936524380568,623.6511122176764
modelvit,do0,pNML,rew0,4,107.27129261546698,402.13059571653713,350.7676533335936,433.05583329415487,387.0550523215247,213.26732019199963,612.8027978225064,93.39354435609562,628.5534609289024
modelvit,do0,pNML,rew0,2,81.15581700165282,349.1806476519783,281.3925394710308,347.4071604816174,319.6264993121396,204.7903926770549,539.7992587239254,93.9885111661455,578.2257116258868
modelvit,do0,Maha class avg,rew0,1,114.96374929359612,379.2317609562595,333.2365978790896,497.8402715813581,451.5849796135032,225.02638982275295,729.5254279456917,95.40585285755824,837.0320297042495
modelvit,do0,Maha class avg,rew0,0,92.11338700500517,379.429671685291,342.82850532969445,422.6818691650116,395.29548848368944,213.34813698397184,685.0245559998837,97.3770933416276,796.2072378306563
modelvit,do0,Maha class avg,rew0,3,102.19312693386412,390.234611096118,371.9835017167085,469.1893801279138,453.77243129596144,224.77031512668984,720.0774496786436,96.14804267563666,831.3945306706261
modelvit,do0,Maha class avg,rew0,4,103.74912801950885,390.0092972723608,406.33063305955153,478.8645154830449,454.9907595846103,240.8997575969443,683.8945940973358,97.99607358145568,723.5334944204839
modelvit,do0,Maha class avg,rew0,2,86.49541653654663,351.1753308248702,326.4941189057668,401.7993159359821,386.1729000783,219.30440052444516,712.3708435941685,96.4864064492232,824.2903117485356
modelvit,do0,Maha,rew0,1,116.0248019048371,380.6946809032796,308.6151834801929,459.5648752188488,411.9217787971813,218.1275135686035,726.5515935479128,94.1853444309944,833.4907465820692
modelvit,do0,Maha,rew0,0,91.80265245544992,378.6435161591808,309.425902784477,356.40197705448657,334.8091381993966,205.54564960230203,678.701163594962,95.6822602360186,790.1846569757956
modelvit,do0,Maha,rew0,3,103.86827184997784,396.4669689737128,338.7216745564341,425.002571573197,409.9459716661818,209.56578852599813,712.3833784566068,92.82290405966772,816.2710485531991
modelvit,do0,Maha,rew0,4,107.07338231472444,396.3558752213062,363.9555633182471,436.1742617346401,406.9076582074866,225.56162337927992,658.7529000179035,93.93583293368155,716.2408742868888
modelvit,do0,Maha,rew0,2,86.63542758141723,351.51050908082345,304.8952822216464,364.9528198623937,351.6575789699095,213.92951886792403,706.3769490140967,95.43732277007324,821.2261891935076
modelvit,do0,pNML class avg,rew0,1,113.10610612818542,363.8405614187683,403.4707798181869,588.0614833990047,541.3901076211024,275.93036632492937,634.7236848253166,110.66001207574004,747.6632951739124
modelvit,do0,pNML class avg,rew0,0,98.26346961105276,377.5109232269718,415.293779334913,564.5158816641064,514.2674441643126,267.5840213046726,648.5471666598531,116.9365200582998,677.1965250850336
modelvit,do0,pNML class avg,rew0,3,99.28484779299022,367.6173255400371,430.4450669770418,569.3271801045312,534.6264173171884,306.61584646541604,665.2728064259942,129.3158358048654,727.8992361912392
modelvit,do0,pNML class avg,rew0,4,107.29708280056144,376.9139186766358,460.8423803856558,584.1219955485835,542.8121875227088,298.0572951951527,699.8808840754903,119.90699398197488,653.8130664920078
modelvit,do0,pNML class avg,rew0,2,92.39651151567858,347.1503336931378,401.5618589361421,528.2708216446963,492.33568960648734,268.6207332557826,657.3208489848365,116.32340511367742,636.949736494946
modelvit,do0,Residual,rew0,1,130.0638661877467,400.9298248993851,270.4367849614856,391.22548115282143,340.1599475360552,199.6623937455742,734.1755908161276,91.93858991794993,843.9727371710981
modelvit,do0,Residual,rew0,0,96.58615737848989,390.563228933285,270.645984984356,282.625837506517,262.0098726541496,193.48185459343173,661.5902515156296,93.93067294428728,784.0728181421986
modelvit,do0,Residual,rew0,3,117.3776780692144,417.6619105044602,303.09552613758825,379.1679887934194,354.2875624331601,194.0106704458542,732.7351685124119,90.69061311824798,833.181994062453
modelvit,do0,Residual,rew0,4,120.10243531101598,415.29517649994193,331.85078835343114,390.3092746726374,357.0401207011996,210.4766662587924,683.705186988761,91.8886597873972,765.232809418923
modelvit,do0,Residual,rew0,2,90.69094818779446,361.75261231203234,271.0262478655944,311.7228949411715,295.12875253472987,198.04498537960623,693.1373254008537,93.313074972254,825.0224069128415
modelvit,do0,pNML class pred,rew0,1,121.9055550566946,402.8253980970017,435.3703694239685,552.1443134675973,525.9233023670483,284.4107826574027,611.0748095945297,115.21788554525516,722.2229183140166
modelvit,do0,pNML class pred,rew0,0,108.2634034477031,403.2618997945496,424.7227123890912,494.1473620295623,457.53252618723786,255.02573291841267,599.8234992358094,118.92542816734333,643.6647765461286
modelvit,do0,pNML class pred,rew0,3,115.19465773724592,402.4146447269172,452.81979016213137,503.9250027945152,497.9953270893161,291.7783846006466,575.729937373635,128.62921392088663,622.8570899219969
modelvit,do0,pNML class pred,rew0,4,122.30124452151357,420.0745836314162,486.2280938901641,531.001516365679,513.6030273264693,298.5915154035179,630.9685782364636,125.7445673712534,609.6824271563355
modelvit,do0,pNML class pred,rew0,2,96.201987054396,365.6676050545784,404.4561293671933,459.1272179912672,453.2367319923503,263.5503174085315,593.8009093037718,114.14489511217845,609.4895680464018
modelvit,do0,PCA RecError class avg,rew0,1,144.86551433443452,372.664129799445,327.7934027495421,595.0387947888638,526.9902422808084,206.09443546643357,760.2816244542481,94.73486058096871,864.6420243151276
modelvit,do0,PCA RecError class avg,rew0,0,108.42269041844142,363.0042607583311,361.7830459447183,587.7778044612991,519.2564717630625,222.2351290747769,772.2275534277179,102.49648756234582,729.8531959995975
modelvit,do0,PCA RecError class avg,rew0,3,127.65401727161728,346.151343451406,367.64605957171455,624.3254840961998,571.3429346736274,219.88517763883183,780.0433596998687,99.66372928872964,826.3457391871037
modelvit,do0,PCA RecError class avg,rew0,4,143.4911285269146,396.6866345483648,444.00506534265793,645.8097866262872,585.1182322902824,229.25201130178132,796.5073283054571,100.09243260085144,834.6454455837363
modelvit,do0,PCA RecError class avg,rew0,2,114.22585751144932,344.7127262987225,359.55071857378226,595.00981502622,532.7140735270813,226.9410678112007,784.317944379593,105.6118191593836,754.0117302768066
modelvit,do0,Maha class pred,rew0,1,137.24131177681,407.0738939579082,480.59229911718535,589.716547227938,568.2211649782948,320.7502455779869,751.387909866937,161.03109846493285,860.2251133697532
modelvit,do0,Maha class pred,rew0,0,133.13943183980882,421.51235710883367,472.6718078695911,523.2977139362422,505.1352724569299,284.75137870811136,726.8835789701559,189.1534431040556,840.2673882611055
modelvit,do0,Maha class pred,rew0,3,135.5200619931118,426.7926985951276,497.6414882827808,524.1474041411627,534.0765564588551,333.7747390193125,705.4787156633114,196.06399349635356,805.0885968976953
modelvit,do0,Maha class pred,rew0,4,141.6044945914585,444.8131442791275,520.956909534513,531.4298234561239,528.2440729467908,339.84728291606126,688.7148213739862,179.67818317288982,728.6569740549246
modelvit,do0,Maha class pred,rew0,2,118.39697966567026,384.5890545664225,447.43161700336447,482.8538915472869,485.4972490577685,288.8167070281814,745.2703396705355,174.4632749146577,845.5981652051088
modelvit,do0,KPCA RecError class avg,rew0,1,155.79447134469564,403.61351416683306,400.00409981092815,733.1919228029479,686.9256793944211,255.5566659088639,813.7987017171536,101.9780834228603,884.2784565825147
modelvit,do0,KPCA RecError class avg,rew0,0,136.406916241663,392.73593016501474,420.8137137069715,735.0263977239891,665.0863186827447,252.92078152355512,831.4979362911037,109.64690265811672,869.7704302338603
modelvit,do0,KPCA RecError class avg,rew0,3,139.52357505233243,393.4864779765533,430.9481472128176,735.4646210529858,692.3197371439907,259.9458476873779,824.8149903082616,105.6238743407819,859.997748816272
modelvit,do0,KPCA RecError class avg,rew0,4,140.99214623180717,471.5609054306885,501.0132222336629,757.8148066161876,701.2130075337202,293.09363410693413,818.5800182087931,106.29486480844344,792.2802877489194
modelvit,do0,KPCA RecError class avg,rew0,2,136.11971139477996,366.8592527353582,414.50968433928085,715.1611145536191,652.4263063575437,269.9747908761325,834.9958602490983,120.21006019270644,833.3393771441242
modelvit,do0,Confidence,rew0,1,167.40384697914124,535.9343886375427,535.9343886375427,535.9343886375427,507.5637102127075,535.9343886375427,535.9343886375427,394.4331705570221,750.3963708877563
modelvit,do0,Confidence,rew0,0,179.51923608779907,539.5780205726624,539.5780205726624,539.5780205726624,511.2269520759583,539.5780205726624,539.5780205726624,397.9397416114807,753.1318068504333
modelvit,do0,Confidence,rew0,3,158.3653837442398,533.2480072975159,533.2480072975159,533.2480072975159,504.8648118972778,533.2480072975159,533.2480072975159,391.8571472167969,748.3685612678528
modelvit,do0,Confidence,rew0,4,157.7884554862976,533.0774784088135,533.0774784088135,533.0774784088135,504.69350814819336,533.0774784088135,533.0774784088135,391.6938602924347,748.2394576072693
modelvit,do0,Confidence,rew0,2,170.00000178813934,536.7110371589661,536.7110371589661,536.7110371589661,508.34423303604126,536.7110371589661,536.7110371589661,395.1793611049652,750.9808540344238
